region_casen,comuna_code,comuna,inc_pc_comuna,poor_comuna,poor_ext_comuna,fonasa_comuna,Pop,area_km2,density
5,5602,Algarrobo,407323.09,0.020697923,0,0.79612201,15174,177.136,85.662994
13,13502,Alhue,312012.25,0.043410853,0.022148395,0.78959024,7405,843.611,8.7777424
8,8314,Alto Biobio,149126.77,0.37510622,0.21877655,0.9717502,6775,2107.22,3.2151365
1,1107,Alto Hospicio,217416.8,0.083428502,0.021107182,0.80790889,129999,578.378,224.76477
3,3302,Alto del Carmen,203220.86,0.078444593,0.006967858,0.87862444,5729,6084.02,0.94164711
10,10202,Ancud,236279.05,0.16174755,0.061266169,0.82011575,42458,1777.6,23.885014
4,4103,Andacollo,207404.73,0.1701052,0,0.87361664,11791,513.018,22.983599
9,9201,Angol,262011.16,0.15221182,0.026902648,0.86345941,56058,1199.18,46.746944
2,2101,Antofagasta,409067.97,0.051268809,0.018727385,0.66189796,425725,30985.9,13.739314
8,8302,Antuco,212852.59,0.38228229,0.20005971,0.97163332,4306,1957.07,2.200228
8,8202,Arauco,279680.19,0.16447353,0.076770321,0.88093835,38679,963.714,40.135353
15,15101,Arica,292131.41,0.082197584,0.023966435,0.75708157,247552,4823.97,51.31707
11,11201,Aysen,346571.63,0.088346347,0.024817625,0.7858426,25002,29718.8,0.84128565
13,13402,Buin,242376.95,0.08836028,0,0.87055993,109641,218.849,500.98926
16,16102,Bulnes,205184.22,0.13843854,0.025930945,0.92482364,22607,426.502,53.005611
5,5402,Cabildo,381596.75,0.1680586,0.006438669,0.845052,20663,1454.36,14.207624
8,8303,Cabrero,212635.72,0.091263317,0.02806697,0.93360728,30725,658.644,46.648872
2,2201,Calama,440256.38,0.04480176,0.004834767,0.74306375,190336,15509.9,12.271904
10,10102,Calbuco,287382.97,0.12956414,0.034897909,0.91442287,36744,586.824,62.615025
3,3102,Caldera,278022.69,0.14235018,0.057381988,0.83448273,19426,3696.97,5.2545733
5,5502,Calera,195985.53,0.15630063,0.043072596,0.86528015,53591,59.5623,899.74701
13,13403,Calera de Tango,263271.72,0.033021115,0.005207176,0.83432293,28525,73.0349,390.56671
5,5302,Calle Larga,184004.5,0.19892919,0.055847872,0.90316623,16482,322.199,51.15472
15,15102,Camarones,235631.56,0.1701553,0.1458474,0.77987844,1233,3623.95,0.34023649
1,1402,Camina,281897.59,0,0,0.85096157,1375,2261.33,0.60804927
4,4202,Canela,198898.09,0.27109835,0.053481057,0.94556147,9546,2199.17,4.3407288
8,8203,Canete,214581.55,0.14619644,0.044324074,0.9328441,37003,1090.68,33.92654
9,9102,Carahue,222273.53,0.22440696,0.090024948,0.89623243,25486,1341.13,19.003378
5,5603,Cartagena,300145.44,0.059548527,0,0.92829132,25357,244.152,103.85743
5,5102,Casablanca,291883.28,0.090660311,0.008562854,0.8330391,29170,954.15,30.571712
10,10201,Castro,314654.75,0.11170303,0.018926371,0.79260987,47607,469.41,101.4188
5,5702,Catemu,186383.7,0.17868315,0.027037092,0.92268735,15213,361.908,42.035545
7,7201,Cauquenes,215649.75,0.19798139,0.060588766,0.87513673,44143,2128.46,20.739408
13,13102,Cerrillos,267197.56,0.068826593,0.040050104,0.83081114,88956,16.6159,5353.6675
13,13103,Cerro Navia,254862.39,0.072224595,0.022624169,0.84618413,142465,11.0667,12873.305
3,3201,Chanaral,242087.06,0.15717965,0,0.76023442,13164,5748.02,2.29018
7,7202,Chanco,187270.64,0.20612843,0.054831706,0.94321388,9331,526.471,17.723673
6,6302,Chepica,198816.47,0.091425158,0.017478339,0.87197489,15925,482.114,33.031605
8,8103,Chiguayante,302884.97,0.097778998,0.036940333,0.82077557,91180,75.1236,1213.7332
11,11401,Chile Chico,393727.97,0.032077584,0,0.81480789,5121,5728.07,0.89401841
16,16101,Chillan,281736.31,0.11564477,0.027037473,0.82947403,198624,476.358,416.96371
16,16103,Chillan Viejo,178566.86,0.20895855,0.066256508,0.87032658,33827,262.383,128.92223
6,6303,Chimbarongo,185980.5,0.15889291,0.014566851,0.93130732,37696,507.735,74.243454
9,9121,Cholchol,136104.11,0.46297014,0.1509306,0.95153159,12341,397.717,31.029602
10,10203,Chonchi,381259.91,0.11750912,0.05536738,0.87330639,16013,1365.84,11.723921
11,11202,Cisnes,360477.06,0.073500969,0.06073501,0.98162478,5828,15330.7,0.38015226
16,16202,Cobquecura,169154.06,0.40118533,0.20259504,0.95697701,5275,570.31,9.2493553
11,11301,Cochrane,409862.84,0.052694611,0.023952097,0.81836325,3685,8661.91,0.4254258
6,6102,Codegua,239499.25,0.051852971,0,0.95335495,14096,284.558,49.536472
16,16203,Coelemu,242815.34,0.15721917,0.045375701,0.86366475,16845,341.749,49.290562
16,16302,Coihueco,175714.08,0.22502133,0.046645809,0.92759335,28375,1774.56,15.98988
6,6103,Coinco,208093.81,0.17676634,0.033209845,0.90976447,7831,98.655,79.377632
7,7402,Colbun,195519.52,0.30231935,0.032138839,0.92024213,22565,2928.2,7.7060995
13,13301,Colina,457273.91,0.060491525,0.020982239,0.82173979,180353,969.694,185.98959
9,9202,Collipulli,189981.77,0.24986272,0.047226798,0.92187113,26148,1308.56,19.982271
6,6104,Coltauco,216879.14,0.15538959,0.047486346,0.91466951,21263,221.928,95.810356
4,4302,Combarbala,193585.08,0.16065161,0.099630997,0.90009898,13884,2297.38,6.043406
8,8101,Concepcion,372993.47,0.092616141,0.030361682,0.75037497,238092,219.405,1085.1713
13,13104,Conchali,285380.59,0.072320648,0.009350075,0.80764765,139195,10.9951,12659.73
5,5103,Concon,381142.09,0.021096839,0,0.75368863,45889,76.0477,603.42389
7,7102,Constitucion,285326.13,0.063399173,0.004424008,0.802522,50348,1340.75,37.552116
8,8204,Contulmo,179977.92,0.27202013,0.054221001,0.96431023,6330,639.437,9.899333
3,3101,Copiapo,352145.16,0.058592644,0.020111529,0.72855657,171766,17606,9.7561054
4,4102,Coquimbo,225324.91,0.13684201,0.035834752,0.91710347,256735,1431.22,179.38193
8,8102,Coronel,274405.19,0.10715592,0.024274044,0.88804501,125829,278.792,451.33649
14,14102,Corral,177004.92,0.25922573,0.15168667,0.93366539,5447,719.417,7.5714087
11,11101,Coyhaique,458116.06,0.030281499,0.003400325,0.73665243,61210,7271.73,8.4175291
9,9103,Cunco,217681.09,0.17391305,0.028896574,0.89389712,18055,1888.92,9.5583715
9,9203,Curacautin,236195.08,0.12234195,0.031034483,0.90014368,18178,1658.65,10.959516
13,13503,Curacavi,275592.47,0.08490929,0.041498907,0.79672194,36430,694.984,52.418472
10,10204,Curaco de Velez,208440.97,0.17248908,0.021834061,0.93668121,4066,79.1939,51.342339
8,8205,Curanilahue,227130.14,0.11397917,0.023339255,0.93033057,33892,999.845,33.897255
9,9104,Curarrehue,240920.19,0.20373879,0.03524062,0.93393964,7802,1163.45,6.7059178
7,7103,Curepto,204450.59,0.13881718,0.061957289,0.95986855,9426,1070.49,8.8053131
7,7301,Curico,282046,0.091353573,0.023501292,0.81190288,163626,1333,122.75019
10,10205,Dalcahue,283545.13,0.095274642,0,0.82551253,15069,1243.14,12.121724
3,3202,Diego de Almagro,329808.72,0.068733975,0.024050787,0.75314367,14358,19134.9,0.75035667
6,6105,Donihue,253540.64,0.066156946,0.010896438,0.80885452,22700,80.2388,282.90552
13,13105,El Bosque,254091.52,0.093020216,0.025109192,0.85211301,172000,14.2697,12053.512
16,16104,El Carmen,167688.66,0.31172782,0.1214598,0.90999812,12334,666.726,18.499353
13,13602,El Monte,266322.75,0.11229154,0.027702285,0.84505868,40014,115.374,346.81992
5,5604,El Quisco,276022.47,0.019125683,0.019125683,0.91099203,17742,52.4089,338.53027
5,5605,El Tabo,277627.5,0.048047222,0,0.89951265,14338,100.478,142.69791
7,7104,Empedrado,195877.09,0.15912719,0.022618415,0.95769024,4206,566.299,7.4271717
9,9204,Ercilla,166329.22,0.20706205,0.059993144,0.95394814,8458,497.902,16.987278
13,13106,Estacion Central,324016.69,0.05728063,0.019303812,0.68570071,206792,14.9156,13864.143
8,8104,Florida,196759.09,0.18126027,0.046027396,0.94947946,11841,607.325,19.496975
9,9105,Freire,196753.84,0.24474843,0.084277771,0.8798455,25446,938.794,27.104988
3,3303,Freirina,206147.95,0.17704518,0.098377816,0.93929881,7681,3242.26,2.3690267
10,10104,Fresia,228442.81,0.18177746,0.035119154,0.90933526,12656,1287.68,9.8285284
10,10105,Frutillar,254227.58,0.080602348,0.03185093,0.88483828,20223,826.272,24.474991
14,14202,Futrono,225637.48,0.11716193,0.030108653,0.94868439,15261,2089.89,7.3022981
9,9106,Galvarino,155706.97,0.38983744,0.096615888,0.94172376,12633,568.135,22.235912
9,9107,Gorbea,234549.47,0.092314899,0,0.86377025,15148,690.911,21.924677
6,6106,Graneros,270350.09,0.066646345,0.006829268,0.8314634,36504,112.635,324.09109
5,5503,Hijuelas,215101.78,0.073001392,0.035806388,0.91951001,19099,267.993,71.266785
7,7302,Hualane,205147.44,0.2347593,0.051679585,0.88955879,10222,629.893,16.228153
8,8112,Hualpen,276118.38,0.099359415,0.021593383,0.87867403,97273,53.6894,1811.7729
8,8105,Hualqui,190202.14,0.12930611,0.021694554,0.92429459,26201,540.906,48.439102
1,1404,Huara,286690.72,0.11209863,0.068233944,0.91198397,3000,10708,0.28016436
3,3304,Huasco,271126.81,0.076672316,0.024775069,0.79567087,11264,1595.41,7.0602541
13,13107,Huechuraba,280363.72,0.059735429,0.002786346,0.84077698,112528,44.7403,2515.1375
4,4201,Illapel,223684.89,0.1111443,0.011051374,0.92506307,32801,2627.51,12.483683
13,13108,Independencia,310174.53,0.10366997,0.038477462,0.71380562,142065,7.51475,18904.82
1,1101,Iquique,359615.47,0.046951476,0.013054585,0.70336068,223463,2398.63,93.162766
13,13603,Isla de Maipo,207814.25,0.085788898,0.025549719,0.94655627,40171,187.321,214.45006
13,13109,La Cisterna,369225.06,0.079589449,0.020725219,0.70724392,100434,10.0762,9967.4482
5,5504,La Cruz,244794,0.085951358,0.011788269,0.8518455,25321,78.0868,324.26736
6,6202,La Estrella,223385.55,0.16186072,0.023122959,0.89581066,3114,429.374,7.2524185
13,13110,La Florida,367214.81,0.044243209,0.012649418,0.69305044,402433,71.0373,5665.0942
13,13111,La Granja,270071.81,0.041993037,0.014636243,0.88610584,122557,10.0595,12183.21
4,4104,La Higuera,175091.52,0.21346514,0.12156025,0.899813,4450,4183.93,1.0635933
5,5401,La Ligua,225425.55,0.2004796,0.023430085,0.83354151,37739,1169.61,32.266312
13,13112,La Pintana,211826.83,0.14509439,0.038768083,0.9316234,189335,30.4912,6209.4966
13,13113,La Reina,916795.38,0.008355878,0.008249374,0.36350214,100252,23.3346,4296.2813
4,4101,La Serena,353201.97,0.10378677,0.037464038,0.86306977,249656,1906.21,130.96983
14,14201,La Union,234471.47,0.13186751,0.035175599,0.87407303,39538,2145.04,18.432291
14,14203,Lago Ranco,230962.19,0.10285781,0,0.90848082,10292,1765.5,5.8295102
8,8304,Laja,189945.36,0.16945069,0.041867439,0.91899562,23873,345.505,69.095963
13,13302,Lampa,382349.63,0.032846209,0.004060069,0.77276224,126898,449.555,282.27469
14,14103,Lanco,198810.88,0.19523248,0.035011485,0.88130856,17652,532.442,33.152908
6,6107,Las Cabras,199851.66,0.15308642,0.036479492,0.92477101,26749,753.478,35.500706
13,13114,Las Condes,1280186.5,0.00182385,0.00119975,0.23566709,330759,98.3961,3361.5051
9,9108,Lautaro,265453.28,0.14749424,0.056201339,0.88493806,40746,907.435,44.90239
8,8201,Lebu,282401.53,0.11342481,0.01709196,0.96364951,27100,567.532,47.75061
7,7303,Licanten,194357.77,0.24943879,0.066024035,0.88181698,6989,273.712,25.534138
5,5802,Limache,273877.44,0.0464091,0.002406713,0.89485008,49931,295.985,168.69437
7,7401,Linares,248378.75,0.10866778,0.020121248,0.87279719,101073,1468.93,68.807228
6,6203,Litueche,235920.52,0.10374746,0.013476094,0.94443417,6765,612.638,11.04241
5,5703,Llaillay,293055.78,0.060456559,0.014800569,0.87419516,26533,348.795,76.070473
10,10107,Llanquihue,209732.14,0.16777532,0.059391826,0.93374515,18621,420.047,44.330753
13,13115,Lo Barnechea,651160.94,0.028141715,0.006627912,0.61089098,124076,1024.73,121.08165
13,13116,Lo Espejo,249659.84,0.058212992,0.012289281,0.85847765,103865,8.18165,12694.872
13,13117,Lo Prado,285706.03,0.051754069,0.007381178,0.82109374,104403,6.53509,15975.756
6,6304,Lolol,186748.39,0.1420003,0,0.94197029,7289,597.735,12.194367
9,9109,Loncoche,181386.34,0.299353,0.082876474,0.91406137,24739,973.903,25.401915
7,7403,Longavi,169753.13,0.27487123,0.041489996,0.90808421,32810,1454.28,22.560993
9,9205,Lonquimay,188511.59,0.35571152,0.088466153,0.97211194,11049,3932.85,2.809413
5,5301,Los Andes,354991.16,0.063447535,0.034222856,0.7540614,68093,1252.61,54.360893
14,14104,Los Lagos,215102.91,0.15607375,0.050902888,0.93810135,20518,1792.21,11.448435
10,10106,Los Muermos,279943.34,0.089841418,0.02707186,0.88985467,17817,1231.75,14.464786
9,9206,Los Sauces,201248.25,0.22741549,0.087980859,0.92913675,7517,851.973,8.8230495
4,4203,Los Vilos,236295.31,0.16564849,0.001456861,0.9315815,23374,1860.3,12.56464
8,8206,Los alamos,201489.05,0.13761845,0.06894657,0.97239393,22524,602.52,37.382992
8,8301,Los angeles,265159.53,0.1680381,0.041596666,0.86507422,218515,1752.32,124.70039
8,8106,Lota,219104.19,0.17468075,0.038705416,0.92129016,45750,114.933,398.05801
9,9207,Lumaco,161960.91,0.33214405,0.1054857,0.94158226,10050,1112.64,9.0325708
6,6108,Machali,412376.22,0.073424503,0.031831879,0.67897707,59913,2594.05,23.096317
13,13118,Macul,354729.25,0.074265897,0.005606766,0.68252873,134635,12.7941,10523.21
14,14105,Mafil,252154.8,0.10183853,0.030055955,0.82557952,7389,579.902,12.741808
13,13119,Maipu,366328.66,0.023977986,0.004133551,0.69708228,578605,138.038,4191.6357
6,6109,Malloa,244240.86,0.10514335,0.014298926,0.88276303,14163,219.766,64.445816
6,6204,Marchihue,221420.66,0.038546797,0.014778325,0.89458126,7632,658.693,11.586581
2,2302,Maria Elena,288820.75,0.041870825,0.023162583,0.61336303,6814,12200.8,0.55848795
13,13504,Maria Pinto,204762.47,0.12482317,0.041940585,0.84904718,14926,394.507,37.834564
14,14106,Mariquina,207406.22,0.15426901,0.071286552,0.89789474,23250,1299.84,17.886816
7,7105,Maule,198643.36,0.1016575,0,0.96905714,60000,237.372,252.76781
10,10108,Maullin,199555.06,0.1730136,0.029637761,0.92848098,14894,813.892,18.299725
2,2102,Mejillones,312419.16,0.07973168,0.059352975,0.71223569,14776,3569.51,4.139504
9,9110,Melipeuco,217973.72,0.25933126,0.056959566,0.80229396,6265,1107.73,5.6557102
13,13501,Melipilla,261528.19,0.04861936,0.002746437,0.86069256,141612,1341.65,105.55063
7,7304,Molina,222455.89,0.10465628,0.059158582,0.88497072,49800,1516.92,32.829681
4,4303,Monte Patria,174719.7,0.22026502,0.037835971,0.92778194,32527,4210.27,7.7256327
6,6110,Mostazal,248348.72,0.094021298,0.041650556,0.87575132,27462,524.881,52.320431
8,8305,Mulchen,226453.53,0.14107543,0.027184466,0.95616132,31041,1922.64,16.144989
8,8306,Nacimiento,217718.17,0.15650108,0.065743126,0.88814569,27944,911.777,30.647844
6,6305,Nancagua,204513.36,0.11488573,0.054859903,0.92683476,19141,150.684,127.02742
12,12401,Natales,390585.94,0.021628994,0.006576384,0.74834371,23782,51138.8,0.46504807
6,6205,Navidad,194565.75,0.13095018,0.058158919,0.92035562,6904,301.72,22.882143
8,8307,Negrete,183233.48,0.13366504,0.056315731,0.9010517,10429,155.675,66.992134
16,16204,Ninhue,180065.61,0.25302505,0.099827141,0.91616249,5414,403.334,13.423119
16,16303,Niquen,178670.64,0.17411792,0.043213423,0.96919894,0,491.946,23.512743
5,5506,Nogales,210131.69,0.059269194,0,0.8467803,23490,405.645,57.907776
9,9111,Nueva Imperial,198299.7,0.16880111,0.019717239,0.90908515,33777,763.077,44.26421
13,13120,Nunoa,916750.94,0.008604049,0.005265598,0.38406646,250192,16.9119,14793.844
6,6111,Olivar,255246.17,0.066698819,0.008199546,0.86005652,14624,43.9997,332.36591
5,5803,Olmue,280451.69,0.053519454,0,0.83688742,19266,230.499,83.583878
10,10301,Osorno,285812.72,0.085530207,0.019235985,0.83088487,173410,955.484,181.48917
4,4301,Ovalle,255478.23,0.051897127,0.008859637,0.8848682,121269,3557.7,34.086349
13,13604,Padre Hurtado,299801.84,0.11452504,0.043951944,0.82674801,74188,80.5922,920.53571
9,9112,Padre Las Casas,237399.27,0.18995887,0.06946528,0.87130415,82110,402.499,204.0005
4,4105,Paiguano,210071.23,0.14606741,0,0.92156863,4675,1497.14,3.1226203
14,14107,Paillaco,201967.13,0.20907165,0.062148061,0.91682595,20798,902.736,23.038851
13,13404,Paine,316605.25,0.025394859,0,0.76878572,82766,676.393,122.36378
6,6306,Palmilla,214728.23,0.070400953,0,0.89205754,13299,234.308,56.758625
14,14108,Panguipulli,194900.75,0.13282114,0.014827658,0.87432367,35991,3290.63,10.937419
5,5704,Panquehue,218759.73,0.098046727,0.012766501,0.86212182,7633,120.275,63.462898
5,5403,Papudo,320341,0.0947835,0.017047392,0.87964541,6201,166.373,37.271671
6,6206,Paredones,209113.91,0.15754858,0.031240657,0.98026907,6349,573.229,11.075852
7,7404,Parral,209985.31,0.16739064,0.03833019,0.93437696,44544,1637.8,27.19746
13,13121,Pedro Aguirre Cerda,243062.09,0.055056583,0.027534707,0.77156204,107803,8.50131,12680.752
7,7106,Pelarco,209361.41,0.16589031,0.014124718,0.88174307,9083,330.114,27.514738
7,7203,Pelluhue,178703.02,0.25873956,0.088423856,0.94411516,8092,368.337,21.969011
16,16105,Pemuco,160624.72,0.27037531,0.077725962,0.92216301,8639,563.173,15.339869
13,13605,Penaflor,307646.47,0.041891389,0.022317963,0.8100633,101058,69.1245,1461.9708
13,13122,Penalolen,497786.31,0.041404329,0.012364357,0.728697,266798,53.4682,4989.8442
7,7107,Pencahue,225630.92,0.05414119,0,0.96475822,8601,955.203,9.0043688
8,8107,Penco,233170.45,0.06954024,0.028191989,0.89251584,49865,108.009,461.6745
6,6307,Peralillo,240297.09,0.059016392,0.009367681,0.87447309,11848,282.493,41.940861
9,9113,Perquenco,232159.86,0.1886574,0.036168981,0.81669563,7223,331.05,21.818457
5,5404,Petorca,197470.97,0.075633772,0,0.95181227,10558,1516.98,6.9598808
6,6112,Peumo,217954.28,0.13503112,0.036051061,0.93046379,14952,154.102,97.026642
1,1405,Pica,384969.47,0.11227554,0.015039433,0.8768723,5958,8952.42,0.6655184
6,6113,Pichidegua,199832.59,0.16932794,0,0.91622031,20743,320.799,64.660423
6,6201,Pichilemu,357978.63,0.010925449,0,0.78843188,17882,716.02,24.974163
16,16106,Pinto,165290.22,0.31965151,0.15475121,0.84982938,11880,1101.95,10.780889
13,13202,Pirque,442693.72,0.062453806,0,0.71348852,30433,444.733,68.429825
9,9114,Pitrufquen,267901.72,0.078221813,0.018655943,0.85133284,26096,578.63,45.099632
6,6308,Placilla,212635.06,0.23029166,0.05095467,0.92714065,9164,144.739,63.313965
16,16205,Portezuelo,163140.3,0.15507412,0.042645384,0.93797034,4940,290.367,17.012953
12,12301,Porvenir,513583.38,0,0,0.88457566,7323,7197.47,1.0174408
1,1401,Pozo Almonte,285030.38,0.104991,0.019352222,0.73770207,17395,13652,1.2741723
13,13123,Providencia,1300158.1,0.004284127,0.003265636,0.24334037,157749,14.3965,10957.455
5,5105,Puchuncavi,227632.61,0.068052821,0.036358528,0.91610003,20071,300.773,66.731392
9,9115,Pucon,286335.59,0.063907996,0.004253531,0.86414957,29782,1241.53,23.988144
13,13124,Pudahuel,285671.47,0.084277235,0.034656402,0.79209805,253139,198.107,1277.7893
13,13201,Puente Alto,308984.53,0.07258635,0.020312997,0.77788883,645909,87.8319,7353.9229
10,10101,Puerto Montt,291558.53,0.11744595,0.038283043,0.82092404,269398,1677.35,160.6093
10,10302,Puerto Octay,253872.27,0.11444607,0.041616261,0.90914589,9192,1803.5,5.0967565
10,10109,Puerto Varas,353975.22,0.053173959,0.006220263,0.78841823,48620,4067.05,11.954611
6,6309,Pumanque,255940.16,0.11483254,0,0.84962404,3531,441.167,8.0037718
4,4304,Punitaqui,181053.33,0.28102821,0.066180699,0.95655096,12165,1091.6,11.144192
12,12101,Punta Arenas,462101.84,0.022223681,0.007451724,0.6709342,141984,17769.2,7.9904556
10,10206,Puqueldon,196915,0.12653689,0,0.99026638,4201,95.5453,43.968674
9,9208,Puren,179011.86,0.13106473,0.047755219,0.94423795,12188,465.476,26.183949
10,10303,Purranque,248583.56,0.10699899,0.041691843,0.92854983,21080,1458.24,14.455782
5,5705,Putaendo,184589.38,0.091652565,0.01641286,0.81410038,17645,1454.73,12.129398
15,15201,Putre,279856.59,0.16489361,0.033687942,0.80319148,2515,5888.02,0.42713851
10,10304,Puyehue,270409.53,0.10805501,0.037819255,0.91876227,11787,1628.42,7.2383046
10,10207,Queilen,184308.42,0.21746846,0.071372241,0.92231864,5543,328.765,16.860067
10,10208,Quellon,230291.73,0.13243526,0.053960789,0.914675,29309,3364.38,8.7115602
10,10209,Quemchi,176940.81,0.23844363,0.026272032,0.96341866,8783,436.694,20.112482
8,8308,Quilaco,197592.5,0.22518159,0.007869249,0.9464286,4179,1126.26,3.710511
13,13125,Quilicura,318005.03,0.055807844,0.021693157,0.80610836,254694,56.7641,4486.8853
8,8309,Quilleco,191344.19,0.17286171,0.029776178,0.91596723,10032,1121.99,8.9412565
16,16107,Quillon,235017.11,0.19243047,0.050550453,0.90736759,18777,406.218,46.223949
5,5501,Quillota,253245.97,0.099954769,0.028076207,0.79127961,97572,302.407,322.65128
5,5801,Quilpue,367242.63,0.05186316,0.013559935,0.7367056,167085,535.963,311.74725
10,10210,Quinchao,199667.83,0.32256907,0.14483914,0.87202489,8298,156.022,53.184807
13,13126,Quinta Normal,285271.78,0.031986464,0.019113367,0.73147887,136368,11.6228,11732.801
6,6114,Quinta de Tilcoco,274167.66,0.1471412,0.020596474,0.87139559,13877,86.0288,161.30644
5,5107,Quintero,324322.84,0.042199075,0,0.74161565,36135,148.654,243.08125
16,16201,Quirihue,191382.88,0.16679919,0.04488029,0.81040728,12192,590.295,20.654079
6,6101,Rancagua,283410.63,0.10408273,0.023461947,0.76278692,265211,261.155,1015.531
16,16206,Ranquil,204768.42,0.044941232,0.025351463,0.82369208,6261,248.092,25.236607
7,7305,Rauco,217185.08,0.18511225,0.064986214,0.85575032,11248,305.433,36.826408
13,13127,Recoleta,348386,0.065492719,0.0215932,0.80707794,190075,15.7638,12057.689
9,9209,Renaico,231539.02,0.14841196,0.023820644,0.92223263,10833,265.034,40.874001
13,13128,Renca,297526.34,0.031599659,0.013840289,0.83406472,160847,24.0118,6698.665
6,6115,Rengo,242552.52,0.11013047,0.014194595,0.88242042,63710,584.873,108.92963
6,6116,Requinoa,213493.09,0.061327983,0,0.84024078,30371,676.452,44.897495
7,7405,Retiro,163758.36,0.27012876,0.053532928,0.93784267,21071,827.799,25.454247
5,5303,Rinconada,259339.84,0.10618532,0.022224836,0.89052212,11263,122.969,91.592194
14,14204,Rio Bueno,212962.88,0.16985218,0.037573051,0.88037127,32925,2177.69,15.119232
7,7108,Rio Claro,204024.47,0.088972434,0.003132832,0.84147871,14753,433.134,34.061054
4,4305,Rio Hurtado,191900.08,0.098492466,0.036934674,0.90979898,4372,2205.84,1.9820114
11,11402,Rio Ibanez,251667.23,0.088727675,0.021763394,0.84933037,2699,6038.29,0.44698086
10,10305,Rio Negro,319435,0.14832947,0.032637637,0.87674999,14275,1268.24,11.255756
7,7306,Romeral,229686.16,0.10345979,0.032727759,0.8864547,16170,1605.5,10.071629
9,9116,Saavedra,152007.09,0.32339829,0.066463009,0.95500332,12793,396.805,32.240017
7,7307,Sagrada Familia,195136.78,0.11408257,0.065265842,0.81884748,19469,552.581,35.232845
4,4204,Salamanca,238137.13,0.12700343,0.053902619,0.8645702,29110,3450.61,8.4361897
5,5601,San Antonio,222977.41,0.079483218,0.017009646,0.92930675,96761,407.957,237.18431
13,13401,San Bernardo,248210.28,0.096686624,0.022392489,0.8430326,334836,154.008,2174.1467
16,16301,San Carlos,237300.58,0.12638506,0.032403562,0.91810089,56252,876.302,64.192482
7,7109,San Clemente,195014.67,0.15625559,0.054840602,0.92105198,46292,4499.3,10.288712
5,5304,San Esteban,224285.3,0.11563215,0.020637199,0.87995321,20643,1376.92,14.992156
16,16304,San Fabian,225590.22,0.11361502,0.030985916,0.93082941,4654,1540.84,3.0204303
5,5701,San Felipe,331005.97,0.089880019,0.023995448,0.83246773,83494,186.446,447.81866
6,6301,San Fernando,248689.38,0.10311587,0.04018284,0.85072887,78642,2319.01,33.911884
16,16108,San Ignacio,145137.91,0.30372742,0.11108889,0.98092949,16624,363.489,45.734535
7,7406,San Javier,224612.83,0.20133156,0.052172862,0.88664812,49451,1316.79,37.554203
13,13129,San Joaquin,290623.38,0.050647914,0.001864728,0.85943425,103485,9.87688,10477.499
13,13203,San Jose de Maipo,340783.75,0.060439963,0.022582768,0.88043559,18644,4982.4,3.7419717
10,10306,San Juan de la Costa,190441.67,0.38678241,0.17527029,0.94974875,7639,1534.07,4.9795642
13,13130,San Miguel,482857.72,0.054881763,0.01588033,0.65891027,133059,9.63503,13809.921
16,16305,San Nicolas,192956.73,0.12866864,0.008428963,0.92139739,12172,565.517,21.523668
10,10307,San Pablo,216321.83,0.16038452,0.022261573,0.93283582,10553,630.65,16.733528
13,13505,San Pedro,229539.27,0.03489254,0,0.98836917,11953,793.837,15.057247
2,2203,San Pedro de Atacama,392855.81,0.019143788,0.003891869,0.86104977,10434,23590.6,0.44229481
8,8108,San Pedro de la Paz,426820.34,0.14231767,0.060960837,0.73140699,145906,112.869,1292.7021
7,7110,San Rafael,234212.05,0.025620496,0,0.90232188,9959,264.37,37.670689
13,13131,San Ramon,250926.34,0.042096116,0.005309542,0.89008838,86510,6.27361,13789.509
8,8310,San Rosendo,171134.75,0.1940625,0.069375001,0.92906249,3611,93.3898,38.665894
6,6117,San Vicente,270657.06,0.060533993,0.015887925,0.85351133,50617,483.903,104.60154
8,8311,Santa Barbara,221057.89,0.15854979,0.011972402,0.94832253,14592,1263.5,11.548872
6,6310,Santa Cruz,317779.81,0.045330845,0.005458544,0.8314476,41096,392.054,104.8223
8,8109,Santa Juana,255121.52,0.13918138,0.055613227,0.91124129,14779,777.309,19.013031
5,5706,Santa Maria,222194.08,0.13555424,0,0.92377949,16367,166.312,98.411423
13,13101,Santiago,580868.94,0.039352525,0.010630541,0.59472233,503147,22.77,22096.926
5,5606,Santo Domingo,352163,0.034472145,0,0.81040323,11934,535.37,22.291126
2,2103,Sierra Gorda,333208.97,0.045649074,0,0.83071804,1746,12833.9,0.13604595
13,13601,Talagante,411876.63,0.015218996,0.013789983,0.75723439,81838,128.056,639.07977
7,7101,Talca,300926.78,0.076100916,0.018084202,0.8331399,236724,231.84,1021.0662
8,8110,Talcahuano,313555.22,0.073198929,0.021394851,0.80659729,158345,92.4708,1712.3784
2,2104,Taltal,315114.97,0.010152863,0.003640915,0.82034361,13657,20292.9,0.67299402
9,9101,Temuco,362328.53,0.09945564,0.014617533,0.78660733,302931,465.476,650.79834
7,7308,Teno,241266.73,0.064271078,0.027701223,0.90990037,30850,621.047,49.674179
9,9117,Teodoro Schmidt,190174.97,0.25645405,0.10372463,0.90809959,15786,655.794,24.071583
3,3103,Tierra Amarilla,294188.84,0.12805265,0.01641294,0.87147164,14312,11274.5,1.2694132
13,13303,Tiltil,247389.77,0.065398626,0.0200704,0.87198174,21477,653.161,32.881634
8,8207,Tirua,192047.91,0.26036453,0.072908334,0.95838892,11019,628.401,17.534981
2,2301,Tocopilla,260748.05,0.10535828,0.042313416,0.78736979,28079,4184.71,6.7099032
9,9118,Tolten,155183.72,0.4319801,0.163293,0.93101889,10055,853.023,11.78749
8,8111,Tome,252468.05,0.068393327,0.007901669,0.88605797,58729,496.145,118.37064
9,9210,Traiguen,240193.19,0.2043004,0.04525112,0.85902536,19314,897.794,21.51273
16,16207,Treguaco,177891.25,0.19087404,0.049485862,0.95479864,5696,315.635,18.046162
8,8312,Tucapel,189614.08,0.15963545,0.024915479,0.90291047,15205,910.339,16.70257
14,14101,Valdivia,375629.41,0.075317167,0.022303319,0.77505702,176774,953.845,185.3278
3,3301,Vallenar,310563.53,0.081637383,0.030758889,0.81222475,57009,7269.98,7.8416996
5,5101,Valparaiso,324894.06,0.067355774,0.00989364,0.81303453,315732,309.877,1018.8946
7,7309,Vichuquen,264209.5,0.16062725,0.000635728,0.93515575,4381,451.587,9.7013426
9,9211,Victoria,193678.63,0.23256867,0.10859451,0.88533115,35467,1262.09,28.101799
4,4106,Vicuna,220721.17,0.12208088,0.017543193,0.91741031,29741,7601.8,3.9123628
9,9119,Vilcun,144220.78,0.3539834,0.094412334,0.97620845,30766,1416.59,21.718351
7,7407,Villa Alegre,208850.81,0.20725425,0.014607296,0.91348529,17512,189.586,92.36969
5,5804,Villa Alemana,345235.53,0.036313288,0.017215857,0.73201299,139310,95.5278,1458.319
9,9120,Villarrica,262928.41,0.11869679,0.045948662,0.8546294,59103,1299.23,45.490791
5,5109,Vina del Mar,460333.44,0.047762427,0.014161792,0.67083985,361371,119.217,3031.2036
13,13132,Vitacura,1659485,0,0,0.1327593,96774,28.6685,3375.6213
7,7408,Yerbas Buenas,206997.06,0.24826662,0.06158597,0.88760704,19200,259.027,74.12355
8,8313,Yumbel,189740.05,0.26305979,0.11339479,0.90358168,22132,729.559,30.336134
16,16109,Yungay,196706.69,0.19858882,0.066244021,0.95127064,18596,825.021,22.540031
5,5405,Zapallar,277657.59,0.012785159,0,0.87478065,7994,289.05,27.656115
