day,region,date,region_lat,region_lon,n_obs,n_obsSymp,n_obsAsymp,Deaths,Pop
0,Maule,3/3/2020,-35.4270536,-71.6483745,1,,,0,1131939
1,Maule,3/4/2020,-35.4270536,-71.6483745,1,,,0,1131939
1,Metropolitana,3/4/2020,-33.3923636,-70.608036,1,,,0,8125072
2,Metropolitana,3/5/2020,-33.3923636,-70.608036,1,,,0,8125072
3,Metropolitana,3/6/2020,-33.3923636,-70.608036,4,,,0,8125072
4,Maule,3/7/2020,-35.4270536,-71.6483745,1,,,0,1131939
5,Los Lagos,3/8/2020,-41.4491726,-72.9594584,1,,,0,891440
6,Biobio,3/9/2020,-36.8249391,-73.0401338,1,,,0,1663696
6,Maule,3/9/2020,-35.4270536,-71.6483745,1,,,0,1131939
6,Metropolitana,3/9/2020,-33.3923636,-70.608036,1,,,0,8125072
7,Maule,3/10/2020,-35.4270536,-71.6483745,1,,,0,1131939
7,Metropolitana,3/10/2020,-33.3923636,-70.608036,3,,,0,8125072
8,Maule,3/11/2020,-35.4270536,-71.6483745,2,,,0,1131939
8,Metropolitana,3/11/2020,-33.3923636,-70.608036,4,,,0,8125072
9,Metropolitana,3/12/2020,-33.3923636,-70.608036,9,,,0,8125072
9,Nuble,3/12/2020,-36.6096863,-72.1279976,1,,,0,511551
10,Biobio,3/13/2020,-36.8249391,-73.0401338,2,,,0,1663696
10,Maule,3/13/2020,-35.4270536,-71.6483745,1,,,0,1131939
10,Metropolitana,3/13/2020,-33.3923636,-70.608036,6,,,0,8125072
10,Nuble,3/13/2020,-36.6096863,-72.1279976,1,,,0,511551
11,Antofagasta,3/14/2020,-22.4457586,-68.9203724,2,,,0,691854
11,Atacama,3/14/2020,-27.3842181,-70.3308447,1,,,0,314709
11,Aysen,3/14/2020,-45.2066761,-72.6862988,1,,,0,107297
11,Maule,3/14/2020,-35.4270536,-71.6483745,1,,,0,1131939
11,Metropolitana,3/14/2020,-33.3923636,-70.608036,11,,,0,8125072
11,Nuble,3/14/2020,-36.6096863,-72.1279976,2,,,0,511551
12,Metropolitana,3/15/2020,-33.3923636,-70.608036,14,,,0,8125072
13,Araucania,3/16/2020,-38.7369966,-72.6018527,1,,,0,1014343
13,Biobio,3/16/2020,-36.8249391,-73.0401338,1,,,0,1663696
13,Los Rios,3/16/2020,-39.8185499,-73.2417066,1,,,0,405835
13,Metropolitana,3/16/2020,-33.3923636,-70.608036,69,,,0,8125072
13,Nuble,3/16/2020,-36.6096863,-72.1279976,8,,,0,511551
13,Valparaiso,3/16/2020,-33.0097842,-71.5517663,1,,,0,1960170
14,Metropolitana,3/17/2020,-33.3923636,-70.608036,29,,,0,8125072
14,Nuble,3/17/2020,-36.6096863,-72.1279976,14,,,0,511551
14,Magallanes,3/17/2020,-53.1480972,-70.9503614,2,,,0,178362
15,Araucania,3/18/2020,-38.7369966,-72.6018527,3,,,0,1014343
15,Biobio,3/18/2020,-36.8249391,-73.0401338,3,,,0,1663696
15,Los Lagos,3/18/2020,-41.4491726,-72.9594584,7,,,0,891440
15,Maule,3/18/2020,-35.4270536,-71.6483745,2,,,0,1131939
15,Metropolitana,3/18/2020,-33.3923636,-70.608036,22,,,0,8125072
15,Arica y Parinacota,3/18/2020,-18.4781181,-70.3141952,1,,,0,252110
16,Araucania,3/19/2020,-38.7369966,-72.6018527,3,,,0,1014343
16,Biobio,3/19/2020,-36.8249391,-73.0401338,7,,,0,1663696
16,Los Lagos,3/19/2020,-41.4491726,-72.9594584,8,,,0,891440
16,Maule,3/19/2020,-35.4270536,-71.6483745,3,,,0,1131939
16,Metropolitana,3/19/2020,-33.3923636,-70.608036,73,,,0,8125072
16,Nuble,3/19/2020,-36.6096863,-72.1279976,2,,,0,511551
16,Valparaiso,3/19/2020,-33.0097842,-71.5517663,3,,,0,1960170
16,Coquimbo,3/19/2020,-29.9682462,-71.339197,2,,,0,836096
16,Ohiggins,3/19/2020,-34.1547941,-70.7687629,2,,,0,991063
17,Antofagasta,3/20/2020,-22.4457586,-68.9203724,4,,,0,691854
17,Araucania,3/20/2020,-38.7369966,-72.6018527,2,,,0,1014343
17,Biobio,3/20/2020,-36.8249391,-73.0401338,5,,,0,1663696
17,Los Lagos,3/20/2020,-41.4491726,-72.9594584,2,,,0,891440
17,Metropolitana,3/20/2020,-33.3923636,-70.608036,57,,,0,8125072
17,Nuble,3/20/2020,-36.6096863,-72.1279976,16,,,0,511551
17,Valparaiso,3/20/2020,-33.0097842,-71.5517663,1,,,0,1960170
17,Coquimbo,3/20/2020,-29.9682462,-71.339197,1,,,0,836096
17,Ohiggins,3/20/2020,-34.1547941,-70.7687629,4,,,0,991063
18,Antofagasta,3/21/2020,-22.4457586,-68.9203724,4,,,0,691854
18,Araucania,3/21/2020,-38.7369966,-72.6018527,6,,,0,1014343
18,Biobio,3/21/2020,-36.8249391,-73.0401338,11,,,0,1663696
18,Los Lagos,3/21/2020,-41.4491726,-72.9594584,2,,,0,891440
18,Maule,3/21/2020,-35.4270536,-71.6483745,1,,,0,1131939
18,Metropolitana,3/21/2020,-33.3923636,-70.608036,55,,,1,8125072
18,Nuble,3/21/2020,-36.6096863,-72.1279976,14,,,0,511551
18,Valparaiso,3/21/2020,-33.0097842,-71.5517663,8,,,0,1960170
18,Magallanes,3/21/2020,-53.1480972,-70.9503614,1,,,0,178362
18,Ohiggins,3/21/2020,-34.1547941,-70.7687629,1,,,0,991063
19,Antofagasta,3/22/2020,-22.4457586,-68.9203724,1,,,0,691854
19,Araucania,3/22/2020,-38.7369966,-72.6018527,12,,,0,1014343
19,Biobio,3/22/2020,-36.8249391,-73.0401338,5,,,0,1663696
19,Los Lagos,3/22/2020,-41.4491726,-72.9594584,3,,,0,891440
19,Maule,3/22/2020,-35.4270536,-71.6483745,10,,,0,1131939
19,Metropolitana,3/22/2020,-33.3923636,-70.608036,50,,,0,8125072
19,Nuble,3/22/2020,-36.6096863,-72.1279976,6,,,0,511551
19,Valparaiso,3/22/2020,-33.0097842,-71.5517663,3,,,0,1960170
19,Magallanes,3/22/2020,-53.1480972,-70.9503614,1,,,0,178362
19,Coquimbo,3/22/2020,-29.9682462,-71.339197,2,,,0,836096
19,Ohiggins,3/22/2020,-34.1547941,-70.7687629,1,,,0,991063
19,Arica y Parinacota,3/22/2020,-18.4781181,-70.3141952,1,,,0,252110
20,Araucania,3/23/2020,-38.7369966,-72.6018527,13,,,0,1014343
20,Biobio,3/23/2020,-36.8249391,-73.0401338,11,,,0,1663696
20,Los Lagos,3/23/2020,-41.4491726,-72.9594584,10,,,0,891440
20,Los Rios,3/23/2020,-39.8185499,-73.2417066,3,,,0,405835
20,Maule,3/23/2020,-35.4270536,-71.6483745,3,,,0,1131939
20,Metropolitana,3/23/2020,-33.3923636,-70.608036,50,,,1,8125072
20,Nuble,3/23/2020,-36.6096863,-72.1279976,17,,,0,511551
20,Valparaiso,3/23/2020,-33.0097842,-71.5517663,3,,,0,1960170
20,Magallanes,3/23/2020,-53.1480972,-70.9503614,2,,,0,178362
20,Coquimbo,3/23/2020,-29.9682462,-71.339197,1,,,0,836096
20,Tarapaca,3/23/2020,-20.2141288,-70.140672,1,,,0,382773
21,Antofagasta,3/24/2020,-22.4457586,-68.9203724,2,,,0,691854
21,Araucania,3/24/2020,-38.7369966,-72.6018527,19,,,0,1014343
21,Biobio,3/24/2020,-36.8249391,-73.0401338,27,,,0,1663696
21,Los Lagos,3/24/2020,-41.4491726,-72.9594584,3,,,0,891440
21,Los Rios,3/24/2020,-39.8185499,-73.2417066,2,,,0,405835
21,Maule,3/24/2020,-35.4270536,-71.6483745,1,,,0,1131939
21,Metropolitana,3/24/2020,-33.3923636,-70.608036,81,,,0,8125072
21,Nuble,3/24/2020,-36.6096863,-72.1279976,24,,,0,511551
21,Valparaiso,3/24/2020,-33.0097842,-71.5517663,6,,,0,1960170
21,Magallanes,3/24/2020,-53.1480972,-70.9503614,2,,,0,178362
21,Coquimbo,3/24/2020,-29.9682462,-71.339197,5,,,0,836096
21,Ohiggins,3/24/2020,-34.1547941,-70.7687629,1,,,0,991063
21,Tarapaca,3/24/2020,-20.2141288,-70.140672,3,,,0,382773
22,Antofagasta,3/25/2020,-22.4457586,-68.9203724,6,,,0,691854
22,Araucania,3/25/2020,-38.7369966,-72.6018527,15,,,0,1014343
22,Biobio,3/25/2020,-36.8249391,-73.0401338,22,,,1,1663696
22,Los Lagos,3/25/2020,-41.4491726,-72.9594584,8,,,0,891440
22,Los Rios,3/25/2020,-39.8185499,-73.2417066,5,,,0,405835
22,Maule,3/25/2020,-35.4270536,-71.6483745,1,,,0,1131939
22,Metropolitana,3/25/2020,-33.3923636,-70.608036,142,,,0,8125072
22,Nuble,3/25/2020,-36.6096863,-72.1279976,6,,,0,511551
22,Valparaiso,3/25/2020,-33.0097842,-71.5517663,7,,,0,1960170
22,Magallanes,3/25/2020,-53.1480972,-70.9503614,5,,,0,178362
22,Coquimbo,3/25/2020,-29.9682462,-71.339197,1,,,0,836096
22,Ohiggins,3/25/2020,-34.1547941,-70.7687629,2,,,0,991063
23,Antofagasta,3/26/2020,-22.4457586,-68.9203724,1,,,0,691854
23,Araucania,3/26/2020,-38.7369966,-72.6018527,37,,,0,1014343
23,Aysen,3/26/2020,-45.2066761,-72.6862988,1,,,0,107297
23,Biobio,3/26/2020,-36.8249391,-73.0401338,14,,,1,1663696
23,Los Lagos,3/26/2020,-41.4491726,-72.9594584,16,,,0,891440
23,Los Rios,3/26/2020,-39.8185499,-73.2417066,3,,,0,405835
23,Maule,3/26/2020,-35.4270536,-71.6483745,1,,,0,1131939
23,Metropolitana,3/26/2020,-33.3923636,-70.608036,64,,,0,8125072
23,Nuble,3/26/2020,-36.6096863,-72.1279976,3,,,0,511551
23,Valparaiso,3/26/2020,-33.0097842,-71.5517663,12,,,0,1960170
23,Magallanes,3/26/2020,-53.1480972,-70.9503614,6,,,0,178362
23,Coquimbo,3/26/2020,-29.9682462,-71.339197,1,,,0,836096
23,Ohiggins,3/26/2020,-34.1547941,-70.7687629,3,,,0,991063
23,Arica y Parinacota,3/26/2020,-18.4781181,-70.3141952,1,,,0,252110
23,Tarapaca,3/26/2020,-20.2141288,-70.140672,1,,,0,382773
24,Antofagasta,3/27/2020,-22.4457586,-68.9203724,1,,,0,691854
24,Araucania,3/27/2020,-38.7369966,-72.6018527,32,,,0,1014343
24,Biobio,3/27/2020,-36.8249391,-73.0401338,26,,,0,1663696
24,Los Lagos,3/27/2020,-41.4491726,-72.9594584,3,,,0,891440
24,Los Rios,3/27/2020,-39.8185499,-73.2417066,8,,,0,405835
24,Maule,3/27/2020,-35.4270536,-71.6483745,1,,,0,1131939
24,Metropolitana,3/27/2020,-33.3923636,-70.608036,192,,,1,8125072
24,Nuble,3/27/2020,-36.6096863,-72.1279976,30,,,0,511551
24,Valparaiso,3/27/2020,-33.0097842,-71.5517663,5,,,0,1960170
24,Magallanes,3/27/2020,-53.1480972,-70.9503614,3,,,0,178362
24,Coquimbo,3/27/2020,-29.9682462,-71.339197,1,,,0,836096
24,Ohiggins,3/27/2020,-34.1547941,-70.7687629,2,,,0,991063
25,Antofagasta,3/28/2020,-22.4457586,-68.9203724,4,,,0,691854
25,Araucania,3/28/2020,-38.7369966,-72.6018527,34,,,1,1014343
25,Biobio,3/28/2020,-36.8249391,-73.0401338,16,,,0,1663696
25,Los Lagos,3/28/2020,-41.4491726,-72.9594584,30,,,0,891440
25,Los Rios,3/28/2020,-39.8185499,-73.2417066,5,,,0,405835
25,Maule,3/28/2020,-35.4270536,-71.6483745,5,,,0,1131939
25,Metropolitana,3/28/2020,-33.3923636,-70.608036,146,,,0,8125072
25,Nuble,3/28/2020,-36.6096863,-72.1279976,28,,,0,511551
25,Valparaiso,3/28/2020,-33.0097842,-71.5517663,22,,,0,1960170
25,Magallanes,3/28/2020,-53.1480972,-70.9503614,4,,,0,178362
25,Coquimbo,3/28/2020,-29.9682462,-71.339197,1,,,0,836096
25,Ohiggins,3/28/2020,-34.1547941,-70.7687629,4,,,0,991063
26,Antofagasta,3/29/2020,-22.4457586,-68.9203724,2,,,0,691854
26,Araucania,3/29/2020,-38.7369966,-72.6018527,28,,,1,1014343
26,Atacama,3/29/2020,-27.3842181,-70.3308447,1,,,0,314709
26,Biobio,3/29/2020,-36.8249391,-73.0401338,34,,,0,1663696
26,Los Lagos,3/29/2020,-41.4491726,-72.9594584,11,,,0,891440
26,Los Rios,3/29/2020,-39.8185499,-73.2417066,13,,,0,405835
26,Maule,3/29/2020,-35.4270536,-71.6483745,5,,,0,1131939
26,Metropolitana,3/29/2020,-33.3923636,-70.608036,83,,,0,8125072
26,Nuble,3/29/2020,-36.6096863,-72.1279976,25,,,0,511551
26,Valparaiso,3/29/2020,-33.0097842,-71.5517663,9,,,0,1960170
26,Magallanes,3/29/2020,-53.1480972,-70.9503614,13,,,0,178362
26,Coquimbo,3/29/2020,-29.9682462,-71.339197,3,,,0,836096
26,Ohiggins,3/29/2020,-34.1547941,-70.7687629,1,,,0,991063
26,Arica y Parinacota,3/29/2020,-18.4781181,-70.3141952,1,,,0,252110
26,Tarapaca,3/29/2020,-20.2141288,-70.140672,1,,,0,382773
27,Antofagasta,3/30/3020,-22.4457586,-68.9203724,8,,,0,691854
27,Araucania,3/30/3020,-38.7369966,-72.6018527,42,,,0,1014343
27,Biobio,3/30/3020,-36.8249391,-73.0401338,16,,,0,1663696
27,Los Lagos,3/30/3020,-41.4491726,-72.9594584,24,,,0,891440
27,Los Rios,3/30/3020,-39.8185499,-73.2417066,7,,,0,405835
27,Maule,3/30/3020,-35.4270536,-71.6483745,12,,,1,1131939
27,Metropolitana,3/30/3020,-33.3923636,-70.608036,128,,,0,8125072
27,Nuble,3/30/3020,-36.6096863,-72.1279976,32,,,0,511551
27,Valparaiso,3/30/3020,-33.0097842,-71.5517663,28,,,0,1960170
27,Coquimbo,3/30/3020,-29.9682462,-71.339197,9,,,0,836096
27,Arica y Parinacota,3/30/3020,-18.4781181,-70.3141952,2,,,0,252110
27,Tarapaca,3/30/3020,-20.2141288,-70.140672,2,,,0,382773
28,Araucania,3/31/2020,-38.7369966,-72.6018527,55,,,2,1014343
28,Biobio,3/31/2020,-36.8249391,-73.0401338,15,,,0,1663696
28,Los Lagos,3/31/2020,-41.4491726,-72.9594584,23,,,0,891440
28,Los Rios,3/31/2020,-39.8185499,-73.2417066,11,,,0,405835
28,Maule,3/31/2020,-35.4270536,-71.6483745,8,,,0,1131939
28,Metropolitana,3/31/2020,-33.3923636,-70.608036,125,,,1,8125072
28,Nuble,3/31/2020,-36.6096863,-72.1279976,16,,,0,511551
28,Valparaiso,3/31/2020,-33.0097842,-71.5517663,7,,,1,1960170
28,Magallanes,3/31/2020,-53.1480972,-70.9503614,24,,,0,178362
28,Coquimbo,3/31/2020,-29.9682462,-71.339197,1,,,0,836096
28,Ohiggins,3/31/2020,-34.1547941,-70.7687629,2,,,0,991063
28,Tarapaca,3/31/2020,-20.2141288,-70.140672,2,,,0,382773
29,Antofagasta,4/1/2020,-22.4457586,-68.9203724,4,,,0,691854
29,Araucania,4/1/2020,-38.7369966,-72.6018527,41,,,2,1014343
29,Atacama,4/1/2020,-27.3842181,-70.3308447,1,,,0,314709
29,Aysen,4/1/2020,-45.2066761,-72.6862988,1,,,0,107297
29,Biobio,4/1/2020,-36.8249391,-73.0401338,24,,,0,1663696
29,Los Lagos,4/1/2020,-41.4491726,-72.9594584,30,,,0,891440
29,Los Rios,4/1/2020,-39.8185499,-73.2417066,6,,,1,405835
29,Maule,4/1/2020,-35.4270536,-71.6483745,9,,,0,1131939
29,Metropolitana,4/1/2020,-33.3923636,-70.608036,101,,,1,8125072
29,Nuble,4/1/2020,-36.6096863,-72.1279976,14,,,0,511551
29,Valparaiso,4/1/2020,-33.0097842,-71.5517663,21,,,0,1960170
29,Magallanes,4/1/2020,-53.1480972,-70.9503614,36,,,0,178362
29,Coquimbo,4/1/2020,-29.9682462,-71.339197,2,,,0,836096
29,Ohiggins,4/1/2020,-34.1547941,-70.7687629,3,,,0,991063
29,Tarapaca,4/1/2020,-20.2141288,-70.140672,0,,,0,382773
30,Antofagasta,4/2/2020,-22.4457586,-68.9203724,8,,,0,691854
30,Araucania,4/2/2020,-38.7369966,-72.6018527,46,,,1,1014343
30,Aysen,4/2/2020,-45.2066761,-72.6862988,2,,,0,107297
30,Biobio,4/2/2020,-36.8249391,-73.0401338,35,,,0,1663696
30,Los Lagos,4/2/2020,-41.4491726,-72.9594584,22,,,0,891440
30,Los Rios,4/2/2020,-39.8185499,-73.2417066,4,,,0,405835
30,Maule,4/2/2020,-35.4270536,-71.6483745,11,,,0,1131939
30,Metropolitana,4/2/2020,-33.3923636,-70.608036,115,,,1,8125072
30,Nuble,4/2/2020,-36.6096863,-72.1279976,82,,,0,511551
30,Valparaiso,4/2/2020,-33.0097842,-71.5517663,20,,,0,1960170
30,Magallanes,4/2/2020,-53.1480972,-70.9503614,15,,,0,178362
30,Coquimbo,4/2/2020,-29.9682462,-71.339197,4,,,0,836096
30,Ohiggins,4/2/2020,-34.1547941,-70.7687629,6,,,0,991063
30,Arica y Parinacota,4/2/2020,-18.4781181,-70.3141952,1,,,0,252110
30,Tarapaca,4/2/2020,-20.2141288,-70.140672,2,,,0,382773
31,Arica y Parinacota,4/3/2020,-18.4781181,-70.3141952,5,,,0,252110
31,Tarapaca,4/3/2020,-20.2141288,-70.140672,1,,,0,382773
31,Antofagasta,4/3/2020,-22.4457586,-68.9203724,7,,,0,691854
31,Atacama,4/3/2020,-27.3842181,-70.3308447,2,,,0,314709
31,Coquimbo,4/3/2020,-29.9682462,-71.339197,1,,,0,836096
31,Valparaiso,4/3/2020,-33.0097842,-71.5517663,20,,,0,1960170
31,Metropolitana,4/3/2020,-33.3923636,-70.608036,106,,,2,8125072
31,Ohiggins,4/3/2020,-34.1547941,-70.7687629,1,,,0,991063
31,Maule,4/3/2020,-35.4270536,-71.6483745,7,,,0,1131939
31,Nuble,4/3/2020,-36.6096863,-72.1279976,29,,,1,511551
31,Biobio,4/3/2020,-36.8249391,-73.0401338,27,,,0,1663696
31,Araucania,4/3/2020,-38.7369966,-72.6018527,43,,,0,1014343
31,Los Rios,4/3/2020,-39.8185499,-73.2417066,10,,,0,405835
31,Los Lagos,4/3/2020,-41.4491726,-72.9594584,31,,,0,891440
31,Aysen,4/3/2020,-45.2066761,-72.6862988,1,,,0,107297
31,Magallanes,4/3/2020,-53.1480972,-70.9503614,42,,,1,178362
32,Arica y Parinacota,4/4/2020,-18.4781181,-70.3141952,0,,,0,252110
32,Tarapaca,4/4/2020,-20.2141288,-70.140672,4,,,0,382773
32,Antofagasta,4/4/2020,-22.4457586,-68.9203724,1,,,0,691854
32,Atacama,4/4/2020,-27.3842181,-70.3308447,0,,,0,314709
32,Coquimbo,4/4/2020,-29.9682462,-71.339197,9,,,0,836096
32,Valparaiso,4/4/2020,-33.0097842,-71.5517663,9,,,0,1960170
32,Metropolitana,4/4/2020,-33.3923636,-70.608036,215,,,1,8125072
32,Ohiggins,4/4/2020,-34.1547941,-70.7687629,5,,,0,991063
32,Maule,4/4/2020,-35.4270536,-71.6483745,8,,,0,1131939
32,Nuble,4/4/2020,-36.6096863,-72.1279976,31,,,1,511551
32,Biobio,4/4/2020,-36.8249391,-73.0401338,45,,,0,1663696
32,Araucania,4/4/2020,-38.7369966,-72.6018527,45,,,2,1014343
32,Los Rios,4/4/2020,-39.8185499,-73.2417066,11,,,0,405835
32,Los Lagos,4/4/2020,-41.4491726,-72.9594584,25,,,0,891440
32,Aysen,4/4/2020,-45.2066761,-72.6862988,0,,,0,107297
32,Magallanes,4/4/2020,-53.1480972,-70.9503614,16,,,1,178362
33,Arica y Parinacota,4/5/2020,-18.4781181,-70.3141952,16,,,0,252110
33,Tarapaca,4/5/2020,-20.2141288,-70.140672,3,,,0,382773
33,Antofagasta,4/5/2020,-22.4457586,-68.9203724,5,,,0,691854
33,Atacama,4/5/2020,-27.3842181,-70.3308447,0,,,0,314709
33,Coquimbo,4/5/2020,-29.9682462,-71.339197,6,,,0,836096
33,Valparaiso,4/5/2020,-33.0097842,-71.5517663,6,,,0,1960170
33,Metropolitana,4/5/2020,-33.3923636,-70.608036,145,,,1,8125072
33,Ohiggins,4/5/2020,-34.1547941,-70.7687629,3,,,0,991063
33,Maule,4/5/2020,-35.4270536,-71.6483745,6,,,0,1131939
33,Nuble,4/5/2020,-36.6096863,-72.1279976,24,,,1,511551
33,Biobio,4/5/2020,-36.8249391,-73.0401338,18,,,0,1663696
33,Araucania,4/5/2020,-38.7369966,-72.6018527,32,,,4,1014343
33,Los Rios,4/5/2020,-39.8185499,-73.2417066,10,,,0,405835
33,Los Lagos,4/5/2020,-41.4491726,-72.9594584,17,,,1,891440
33,Aysen,4/5/2020,-45.2066761,-72.6862988,1,,,0,107297
33,Magallanes,4/5/2020,-53.1480972,-70.9503614,18,,,0,178362
34,Arica y Parinacota,4/6/2020,-18.4781181,-70.3141952,13,,,0,252110
34,Tarapaca,4/6/2020,-20.2141288,-70.140672,1,,,0,382773
34,Antofagasta,4/6/2020,-22.4457586,-68.9203724,8,,,0,691854
34,Atacama,4/6/2020,-27.3842181,-70.3308447,0,,,0,314709
34,Coquimbo,4/6/2020,-29.9682462,-71.339197,1,,,0,836096
34,Valparaiso,4/6/2020,-33.0097842,-71.5517663,7,,,0,1960170
34,Metropolitana,4/6/2020,-33.3923636,-70.608036,142,,,0,8125072
34,Ohiggins,4/6/2020,-34.1547941,-70.7687629,1,,,0,991063
34,Maule,4/6/2020,-35.4270536,-71.6483745,5,,,0,1131939
34,Nuble,4/6/2020,-36.6096863,-72.1279976,49,,,1,511551
34,Biobio,4/6/2020,-36.8249391,-73.0401338,18,,,0,1663696
34,Araucania,4/6/2020,-38.7369966,-72.6018527,53,,,1,1014343
34,Los Rios,4/6/2020,-39.8185499,-73.2417066,5,,,0,405835
34,Los Lagos,4/6/2020,-41.4491726,-72.9594584,10,,,1,891440
34,Aysen,4/6/2020,-45.2066761,-72.6862988,0,,,0,107297
34,Magallanes,4/6/2020,-53.1480972,-70.9503614,31,,,0,178362
35,Arica y Parinacota,4/7/2020,-18.4781181,-70.3141952,12,,,0,252110
35,Tarapaca,4/7/2020,-20.2141288,-70.140672,2,,,0,382773
35,Antofagasta,4/7/2020,-22.4457586,-68.9203724,1,,,1,691854
35,Atacama,4/7/2020,-27.3842181,-70.3308447,1,,,0,314709
35,Coquimbo,4/7/2020,-29.9682462,-71.339197,1,,,0,836096
35,Valparaiso,4/7/2020,-33.0097842,-71.5517663,16,,,0,1960170
35,Metropolitana,4/7/2020,-33.3923636,-70.608036,106,,,2,8125072
35,Ohiggins,4/7/2020,-34.1547941,-70.7687629,0,,,0,991063
35,Maule,4/7/2020,-35.4270536,-71.6483745,0,,,1,1131939
35,Nuble,4/7/2020,-36.6096863,-72.1279976,48,,,1,511551
35,Biobio,4/7/2020,-36.8249391,-73.0401338,27,,,0,1663696
35,Araucania,4/7/2020,-38.7369966,-72.6018527,50,,,0,1014343
35,Los Rios,4/7/2020,-39.8185499,-73.2417066,5,,,1,405835
35,Los Lagos,4/7/2020,-41.4491726,-72.9594584,13,,,0,891440
35,Aysen,4/7/2020,-45.2066761,-72.6862988,0,,,0,107297
35,Magallanes,4/7/2020,-53.1480972,-70.9503614,19,,,0,178362
36,Arica y Parinacota,4/8/2020,-18.4781181,-70.3141952,10,,,0,252110
36,Tarapaca,4/8/2020,-20.2141288,-70.140672,3,,,0,382773
36,Antofagasta,4/8/2020,-22.4457586,-68.9203724,8,,,0,691854
36,Atacama,4/8/2020,-27.3842181,-70.3308447,2,,,0,314709
36,Coquimbo,4/8/2020,-29.9682462,-71.339197,4,,,0,836096
36,Valparaiso,4/8/2020,-33.0097842,-71.5517663,11,,,1,1960170
36,Metropolitana,4/8/2020,-33.3923636,-70.608036,198,,,2,8125072
36,Ohiggins,4/8/2020,-34.1547941,-70.7687629,1,,,0,991063
36,Maule,4/8/2020,-35.4270536,-71.6483745,11,,,0,1131939
36,Nuble,4/8/2020,-36.6096863,-72.1279976,39,,,0,511551
36,Biobio,4/8/2020,-36.8249391,-73.0401338,29,,,0,1663696
36,Araucania,4/8/2020,-38.7369966,-72.6018527,57,,,1,1014343
36,Los Rios,4/8/2020,-39.8185499,-73.2417066,5,,,0,405835
36,Los Lagos,4/8/2020,-41.4491726,-72.9594584,26,,,0,891440
36,Aysen,4/8/2020,-45.2066761,-72.6862988,0,,,0,107297
36,Magallanes,4/8/2020,-53.1480972,-70.9503614,26,,,1,178362
37,Arica y Parinacota,4/9/2020,-18.4781181,-70.3141952,12,,,0,252110
37,Tarapaca,4/9/2020,-20.2141288,-70.140672,3,,,0,382773
37,Antofagasta,4/9/2020,-22.4457586,-68.9203724,15,,,0,691854
37,Atacama,4/9/2020,-27.3842181,-70.3308447,2,,,0,314709
37,Coquimbo,4/9/2020,-29.9682462,-71.339197,5,,,0,836096
37,Valparaiso,4/9/2020,-33.0097842,-71.5517663,5,,,0,1960170
37,Metropolitana,4/9/2020,-33.3923636,-70.608036,284,,,7,8125072
37,Ohiggins,4/9/2020,-34.1547941,-70.7687629,1,,,0,991063
37,Maule,4/9/2020,-35.4270536,-71.6483745,9,,,0,1131939
37,Nuble,4/9/2020,-36.6096863,-72.1279976,10,,,1,511551
37,Biobio,4/9/2020,-36.8249391,-73.0401338,21,,,0,1663696
37,Araucania,4/9/2020,-38.7369966,-72.6018527,20,,,1,1014343
37,Los Rios,4/9/2020,-39.8185499,-73.2417066,4,,,0,405835
37,Los Lagos,4/9/2020,-41.4491726,-72.9594584,15,,,0,891440
37,Aysen,4/9/2020,-45.2066761,-72.6862988,0,,,0,107297
37,Magallanes,4/9/2020,-53.1480972,-70.9503614,20,,,0,178362
38,Arica y Parinacota,4/10/2020,-18.4781181,-70.3141952,12,,,0,252110
38,Tarapaca,4/10/2020,-20.2141288,-70.140672,6,,,0,382773
38,Antofagasta,4/10/2020,-22.4457586,-68.9203724,18,,,0,691854
38,Atacama,4/10/2020,-27.3842181,-70.3308447,3,,,0,314709
38,Coquimbo,4/10/2020,-29.9682462,-71.339197,0,,,0,836096
38,Valparaiso,4/10/2020,-33.0097842,-71.5517663,11,,,0,1960170
38,Metropolitana,4/10/2020,-33.3923636,-70.608036,361,,,8,8125072
38,Ohiggins,4/10/2020,-34.1547941,-70.7687629,0,,,0,991063
38,Maule,4/10/2020,-35.4270536,-71.6483745,3,,,0,1131939
38,Nuble,4/10/2020,-36.6096863,-72.1279976,18,,,0,511551
38,Biobio,4/10/2020,-36.8249391,-73.0401338,14,,,0,1663696
38,Araucania,4/10/2020,-38.7369966,-72.6018527,23,,,0,1014343
38,Los Rios,4/10/2020,-39.8185499,-73.2417066,6,,,0,405835
38,Los Lagos,4/10/2020,-41.4491726,-72.9594584,9,,,0,891440
38,Aysen,4/10/2020,-45.2066761,-72.6862988,0,,,0,107297
38,Magallanes,4/10/2020,-53.1480972,-70.9503614,45,,,0,178362
39,Arica y Parinacota,4/11/2020,-18.4781181,-70.3141952,20,,,0,252110
39,Tarapaca,4/11/2020,-20.2141288,-70.140672,3,,,0,382773
39,Antofagasta,4/11/2020,-22.4457586,-68.9203724,7,,,0,691854
39,Atacama,4/11/2020,-27.3842181,-70.3308447,0,,,0,314709
39,Coquimbo,4/11/2020,-29.9682462,-71.339197,3,,,0,836096
39,Valparaiso,4/11/2020,-33.0097842,-71.5517663,7,,,0,1960170
39,Metropolitana,4/11/2020,-33.3923636,-70.608036,255,,,3,8125072
39,Ohiggins,4/11/2020,-34.1547941,-70.7687629,1,,,0,991063
39,Maule,4/11/2020,-35.4270536,-71.6483745,3,,,1,1131939
39,Nuble,4/11/2020,-36.6096863,-72.1279976,17,,,0,511551
39,Biobio,4/11/2020,-36.8249391,-73.0401338,16,,,0,1663696
39,Araucania,4/11/2020,-38.7369966,-72.6018527,27,,,1,1014343
39,Los Rios,4/11/2020,-39.8185499,-73.2417066,6,,,0,405835
39,Los Lagos,4/11/2020,-41.4491726,-72.9594584,15,,,3,891440
39,Aysen,4/11/2020,-45.2066761,-72.6862988,0,,,0,107297
39,Magallanes,4/11/2020,-53.1480972,-70.9503614,46,,,0,178362
40,Arica y Parinacota,4/12/2020,-18.4781181,-70.3141952,8,,,1,252110
40,Tarapaca,4/12/2020,-20.2141288,-70.140672,8,,,0,382773
40,Antofagasta,4/12/2020,-22.4457586,-68.9203724,21,,,0,691854
40,Atacama,4/12/2020,-27.3842181,-70.3308447,0,,,0,314709
40,Coquimbo,4/12/2020,-29.9682462,-71.339197,2,,,0,836096
40,Valparaiso,4/12/2020,-33.0097842,-71.5517663,6,,,0,1960170
40,Metropolitana,4/12/2020,-33.3923636,-70.608036,151,,,3,8125072
40,Ohiggins,4/12/2020,-34.1547941,-70.7687629,1,,,0,991063
40,Maule,4/12/2020,-35.4270536,-71.6483745,4,,,0,1131939
40,Nuble,4/12/2020,-36.6096863,-72.1279976,7,,,1,511551
40,Biobio,4/12/2020,-36.8249391,-73.0401338,10,,,0,1663696
40,Araucania,4/12/2020,-38.7369966,-72.6018527,36,,,0,1014343
40,Los Rios,4/12/2020,-39.8185499,-73.2417066,5,,,1,405835
40,Los Lagos,4/12/2020,-41.4491726,-72.9594584,8,,,0,891440
40,Aysen,4/12/2020,-45.2066761,-72.6862988,0,,,0,107297
40,Magallanes,4/12/2020,-53.1480972,-70.9503614,19,,,1,178362
41,Arica y Parinacota,4/13/2020,-18.4781181,-70.3141952,0,,,0,252110
41,Tarapaca,4/13/2020,-20.2141288,-70.140672,6,,,0,382773
41,Antofagasta,4/13/2020,-22.4457586,-68.9203724,11,,,0,691854
41,Atacama,4/13/2020,-27.3842181,-70.3308447,0,,,0,314709
41,Coquimbo,4/13/2020,-29.9682462,-71.339197,0,,,0,836096
41,Valparaiso,4/13/2020,-33.0097842,-71.5517663,19,,,0,1960170
41,Metropolitana,4/13/2020,-33.3923636,-70.608036,204,,,1,8125072
41,Ohiggins,4/13/2020,-34.1547941,-70.7687629,2,,,0,991063
41,Maule,4/13/2020,-35.4270536,-71.6483745,3,,,0,1131939
41,Nuble,4/13/2020,-36.6096863,-72.1279976,5,,,0,511551
41,Biobio,4/13/2020,-36.8249391,-73.0401338,12,,,0,1663696
41,Araucania,4/13/2020,-38.7369966,-72.6018527,20,,,0,1014343
41,Los Rios,4/13/2020,-39.8185499,-73.2417066,3,,,0,405835
41,Los Lagos,4/13/2020,-41.4491726,-72.9594584,8,,,0,891440
41,Aysen,4/13/2020,-45.2066761,-72.6862988,0,,,0,107297
41,Magallanes,4/13/2020,-53.1480972,-70.9503614,19,,,1,178362
42,Arica y Parinacota,4/14/2020,-18.4781181,-70.3141952,5,,,0,252110
42,Tarapaca,4/14/2020,-20.2141288,-70.140672,10,,,0,382773
42,Antofagasta,4/14/2020,-22.4457586,-68.9203724,6,,,0,691854
42,Atacama,4/14/2020,-27.3842181,-70.3308447,0,,,0,314709
42,Coquimbo,4/14/2020,-29.9682462,-71.339197,0,,,0,836096
42,Valparaiso,4/14/2020,-33.0097842,-71.5517663,12,,,0,1960170
42,Metropolitana,4/14/2020,-33.3923636,-70.608036,283,,,4,8125072
42,Ohiggins,4/14/2020,-34.1547941,-70.7687629,5,,,0,991063
42,Maule,4/14/2020,-35.4270536,-71.6483745,1,,,1,1131939
42,Nuble,4/14/2020,-36.6096863,-72.1279976,4,,,1,511551
42,Biobio,4/14/2020,-36.8249391,-73.0401338,16,,,0,1663696
42,Araucania,4/14/2020,-38.7369966,-72.6018527,21,,,3,1014343
42,Los Rios,4/14/2020,-39.8185499,-73.2417066,10,,,0,405835
42,Los Lagos,4/14/2020,-41.4491726,-72.9594584,5,,,0,891440
42,Aysen,4/14/2020,-45.2066761,-72.6862988,0,,,0,107297
42,Magallanes,4/14/2020,-53.1480972,-70.9503614,14,,,1,178362
43,Arica y Parinacota,4/15/2020,-18.4781181,-70.3141952,4,,,0,252110
43,Tarapaca,4/15/2020,-20.2141288,-70.140672,0,,,0,382773
43,Antofagasta,4/15/2020,-22.4457586,-68.9203724,21,,,0,691854
43,Atacama,4/15/2020,-27.3842181,-70.3308447,0,,,0,314709
43,Coquimbo,4/15/2020,-29.9682462,-71.339197,0,,,0,836096
43,Valparaiso,4/15/2020,-33.0097842,-71.5517663,14,,,0,1960170
43,Metropolitana,4/15/2020,-33.3923636,-70.608036,248,,,1,8125072
43,Ohiggins,4/15/2020,-34.1547941,-70.7687629,1,,,0,991063
43,Maule,4/15/2020,-35.4270536,-71.6483745,10,,,0,1131939
43,Nuble,4/15/2020,-36.6096863,-72.1279976,12,,,0,511551
43,Biobio,4/15/2020,-36.8249391,-73.0401338,14,,,0,1663696
43,Araucania,4/15/2020,-38.7369966,-72.6018527,10,,,1,1014343
43,Los Rios,4/15/2020,-39.8185499,-73.2417066,2,,,0,405835
43,Los Lagos,4/15/2020,-41.4491726,-72.9594584,5,,,0,891440
43,Aysen,4/15/2020,-45.2066761,-72.6862988,0,,,0,107297
43,Magallanes,4/15/2020,-53.1480972,-70.9503614,15,,,0,178362
44,Arica y Parinacota,4/16/2020,-18.4781181,-70.3141952,5,,,0,252110
44,Tarapaca,4/16/2020,-20.2141288,-70.140672,4,,,0,382773
44,Antofagasta,4/16/2020,-22.4457586,-68.9203724,16,,,0,691854
44,Atacama,4/16/2020,-27.3842181,-70.3308447,0,,,0,314709
44,Coquimbo,4/16/2020,-29.9682462,-71.339197,2,,,0,836096
44,Valparaiso,4/16/2020,-33.0097842,-71.5517663,31,,,2,1960170
44,Metropolitana,4/16/2020,-33.3923636,-70.608036,348,,,7,8125072
44,Ohiggins,4/16/2020,-34.1547941,-70.7687629,0,,,0,991063
44,Maule,4/16/2020,-35.4270536,-71.6483745,15,,,0,1131939
44,Nuble,4/16/2020,-36.6096863,-72.1279976,5,,,2,511551
44,Biobio,4/16/2020,-36.8249391,-73.0401338,17,,,0,1663696
44,Araucania,4/16/2020,-38.7369966,-72.6018527,56,,,0,1014343
44,Los Rios,4/16/2020,-39.8185499,-73.2417066,3,,,0,405835
44,Los Lagos,4/16/2020,-41.4491726,-72.9594584,9,,,0,891440
44,Aysen,4/16/2020,-45.2066761,-72.6862988,0,,,0,107297
44,Magallanes,4/16/2020,-53.1480972,-70.9503614,23,,,0,178362
45,Arica y Parinacota,4/17/2020,-18.4781181,-70.3141952,5,,,1,252110
45,Tarapaca,4/17/2020,-20.2141288,-70.140672,7,,,0,382773
45,Antofagasta,4/17/2020,-22.4457586,-68.9203724,19,,,0,691854
45,Atacama,4/17/2020,-27.3842181,-70.3308447,0,,,0,314709
45,Coquimbo,4/17/2020,-29.9682462,-71.339197,0,,,0,836096
45,Valparaiso,4/17/2020,-33.0097842,-71.5517663,15,,,0,1960170
45,Metropolitana,4/17/2020,-33.3923636,-70.608036,233,,,3,8125072
45,Ohiggins,4/17/2020,-34.1547941,-70.7687629,1,,,0,991063
45,Maule,4/17/2020,-35.4270536,-71.6483745,56,,,3,1131939
45,Nuble,4/17/2020,-36.6096863,-72.1279976,17,,,1,511551
45,Biobio,4/17/2020,-36.8249391,-73.0401338,19,,,1,1663696
45,Araucania,4/17/2020,-38.7369966,-72.6018527,25,,,1,1014343
45,Los Rios,4/17/2020,-39.8185499,-73.2417066,1,,,0,405835
45,Los Lagos,4/17/2020,-41.4491726,-72.9594584,13,,,1,891440
45,Aysen,4/17/2020,-45.2066761,-72.6862988,0,,,0,107297
45,Magallanes,4/17/2020,-53.1480972,-70.9503614,34,,,0,178362
46,Arica y Parinacota,4/18/2020,-18.4781181,-70.3141952,8,,,0,252110
46,Tarapaca,4/18/2020,-20.2141288,-70.140672,8,,,0,382773
46,Antofagasta,4/18/2020,-22.4457586,-68.9203724,15,,,0,691854
46,Atacama,4/18/2020,-27.3842181,-70.3308447,0,,,0,314709
46,Coquimbo,4/18/2020,-29.9682462,-71.339197,0,,,0,836096
46,Valparaiso,4/18/2020,-33.0097842,-71.5517663,14,,,0,1960170
46,Metropolitana,4/18/2020,-33.3923636,-70.608036,277,,,7,8125072
46,Ohiggins,4/18/2020,-34.1547941,-70.7687629,0,,,0,991063
46,Maule,4/18/2020,-35.4270536,-71.6483745,53,,,1,1131939
46,Nuble,4/18/2020,-36.6096863,-72.1279976,11,,,1,511551
46,Biobio,4/18/2020,-36.8249391,-73.0401338,28,,,0,1663696
46,Araucania,4/18/2020,-38.7369966,-72.6018527,37,,,1,1014343
46,Los Rios,4/18/2020,-39.8185499,-73.2417066,2,,,0,405835
46,Los Lagos,4/18/2020,-41.4491726,-72.9594584,4,,,0,891440
46,Aysen,4/18/2020,-45.2066761,-72.6862988,0,,,0,107297
46,Magallanes,4/18/2020,-53.1480972,-70.9503614,21,,,0,178362
47,Arica y Parinacota,4/19/2020,-18.4781181,-70.3141952,3,,,0,252110
47,Tarapaca,4/19/2020,-20.2141288,-70.140672,9,,,0,382773
47,Antofagasta,4/19/2020,-22.4457586,-68.9203724,23,,,0,691854
47,Atacama,4/19/2020,-27.3842181,-70.3308447,0,,,0,314709
47,Coquimbo,4/19/2020,-29.9682462,-71.339197,0,,,0,836096
47,Valparaiso,4/19/2020,-33.0097842,-71.5517663,22,,,1,1960170
47,Metropolitana,4/19/2020,-33.3923636,-70.608036,189,,,5,8125072
47,Ohiggins,4/19/2020,-34.1547941,-70.7687629,0,,,0,991063
47,Maule,4/19/2020,-35.4270536,-71.6483745,26,,,0,1131939
47,Nuble,4/19/2020,-36.6096863,-72.1279976,11,,,1,511551
47,Biobio,4/19/2020,-36.8249391,-73.0401338,10,,,0,1663696
47,Araucania,4/19/2020,-38.7369966,-72.6018527,28,,,0,1014343
47,Los Rios,4/19/2020,-39.8185499,-73.2417066,1,,,0,405835
47,Los Lagos,4/19/2020,-41.4491726,-72.9594584,5,,,0,891440
47,Aysen,4/19/2020,-45.2066761,-72.6862988,0,,,0,107297
47,Magallanes,4/19/2020,-53.1480972,-70.9503614,31,,,0,178362
48,Arica y Parinacota,4/20/2020,-18.4781181,-70.3141952,16,,,0,252110
48,Tarapaca,4/20/2020,-20.2141288,-70.140672,3,,,0,382773
48,Antofagasta,4/20/2020,-22.4457586,-68.9203724,14,,,0,691854
48,Atacama,4/20/2020,-27.3842181,-70.3308447,0,,,0,314709
48,Coquimbo,4/20/2020,-29.9682462,-71.339197,1,,,0,836096
48,Valparaiso,4/20/2020,-33.0097842,-71.5517663,7,,,0,1960170
48,Metropolitana,4/20/2020,-33.3923636,-70.608036,262,,,4,8125072
48,Ohiggins,4/20/2020,-34.1547941,-70.7687629,1,,,0,991063
48,Maule,4/20/2020,-35.4270536,-71.6483745,2,,,2,1131939
48,Nuble,4/20/2020,-36.6096863,-72.1279976,9,,,0,511551
48,Biobio,4/20/2020,-36.8249391,-73.0401338,10,,,0,1663696
48,Araucania,4/20/2020,-38.7369966,-72.6018527,73,,,0,1014343
48,Los Rios,4/20/2020,-39.8185499,-73.2417066,5,,,0,405835
48,Los Lagos,4/20/2020,-41.4491726,-72.9594584,3,,,0,891440
48,Aysen,4/20/2020,-45.2066761,-72.6862988,0,,,0,107297
48,Magallanes,4/20/2020,-53.1480972,-70.9503614,13,,,0,178362
49,Arica y Parinacota,4/21/2020,-18.4781181,-70.3141952,9,,,0,252110
49,Tarapaca,4/21/2020,-20.2141288,-70.140672,11,,,0,382773
49,Antofagasta,4/21/2020,-22.4457586,-68.9203724,28,,,0,691854
49,Atacama,4/21/2020,-27.3842181,-70.3308447,0,,,0,314709
49,Coquimbo,4/21/2020,-29.9682462,-71.339197,0,,,0,836096
49,Valparaiso,4/21/2020,-33.0097842,-71.5517663,15,,,1,1960170
49,Metropolitana,4/21/2020,-33.3923636,-70.608036,145,,,2,8125072
49,Ohiggins,4/21/2020,-34.1547941,-70.7687629,1,,,1,991063
49,Maule,4/21/2020,-35.4270536,-71.6483745,12,,,0,1131939
49,Nuble,4/21/2020,-36.6096863,-72.1279976,7,,,0,511551
49,Biobio,4/21/2020,-36.8249391,-73.0401338,10,,,1,1663696
49,Araucania,4/21/2020,-38.7369966,-72.6018527,47,,,2,1014343
49,Los Rios,4/21/2020,-39.8185499,-73.2417066,5,,,0,405835
49,Los Lagos,4/21/2020,-41.4491726,-72.9594584,8,,,0,891440
49,Aysen,4/21/2020,-45.2066761,-72.6862988,0,,,0,107297
49,Magallanes,4/21/2020,-53.1480972,-70.9503614,27,,,1,178362
50,Arica y Parinacota,4/22/2020,-18.4781181,-70.3141952,10,,,0,252110
50,Tarapaca,4/22/2020,-20.2141288,-70.140672,10,,,0,382773
50,Antofagasta,4/22/2020,-22.4457586,-68.9203724,35,,,1,691854
50,Atacama,4/22/2020,-27.3842181,-70.3308447,0,,,0,314709
50,Coquimbo,4/22/2020,-29.9682462,-71.339197,1,,,0,836096
50,Valparaiso,4/22/2020,-33.0097842,-71.5517663,18,,,1,1960170
50,Metropolitana,4/22/2020,-33.3923636,-70.608036,295,,,9,8125072
50,Ohiggins,4/22/2020,-34.1547941,-70.7687629,2,,,0,991063
50,Maule,4/22/2020,-35.4270536,-71.6483745,12,,,0,1131939
50,Nuble,4/22/2020,-36.6096863,-72.1279976,9,,,0,511551
50,Biobio,4/22/2020,-36.8249391,-73.0401338,22,,,1,1663696
50,Araucania,4/22/2020,-38.7369966,-72.6018527,21,,,1,1014343
50,Los Rios,4/22/2020,-39.8185499,-73.2417066,4,,,0,405835
50,Los Lagos,4/22/2020,-41.4491726,-72.9594584,13,,,0,891440
50,Aysen,4/22/2020,-45.2066761,-72.6862988,0,,,0,107297
50,Magallanes,4/22/2020,-53.1480972,-70.9503614,12,,,0,178362
51,Arica y Parinacota,4/23/2020,-18.4781181,-70.3141952,30,,,0,252110
51,Tarapaca,4/23/2020,-20.2141288,-70.140672,14,,,0,382773
51,Antofagasta,4/23/2020,-22.4457586,-68.9203724,14,,,0,691854
51,Atacama,4/23/2020,-27.3842181,-70.3308447,5,,,0,314709
51,Coquimbo,4/23/2020,-29.9682462,-71.339197,0,,,0,836096
51,Valparaiso,4/23/2020,-33.0097842,-71.5517663,8,,,0,1960170
51,Metropolitana,4/23/2020,-33.3923636,-70.608036,351,,,7,8125072
51,Ohiggins,4/23/2020,-34.1547941,-70.7687629,17,,,0,991063
51,Maule,4/23/2020,-35.4270536,-71.6483745,5,,,0,1131939
51,Nuble,4/23/2020,-36.6096863,-72.1279976,5,,,0,511551
51,Biobio,4/23/2020,-36.8249391,-73.0401338,17,,,0,1663696
51,Araucania,4/23/2020,-38.7369966,-72.6018527,29,,,0,1014343
51,Los Rios,4/23/2020,-39.8185499,-73.2417066,2,,,0,405835
51,Los Lagos,4/23/2020,-41.4491726,-72.9594584,9,,,1,891440
51,Aysen,4/23/2020,-45.2066761,-72.6862988,0,,,0,107297
51,Magallanes,4/23/2020,-53.1480972,-70.9503614,10,,,0,178362
52,Arica y Parinacota,4/24/2020,-18.4781181,-70.3141952,29,,,1,252110
52,Tarapaca,4/24/2020,-20.2141288,-70.140672,6,,,0,382773
52,Antofagasta,4/24/2020,-22.4457586,-68.9203724,26,,,0,691854
52,Atacama,4/24/2020,-27.3842181,-70.3308447,3,,,0,314709
52,Coquimbo,4/24/2020,-29.9682462,-71.339197,2,,,0,836096
52,Valparaiso,4/24/2020,-33.0097842,-71.5517663,7,,,1,1960170
52,Metropolitana,4/24/2020,-33.3923636,-70.608036,327,,,1,8125072
52,Ohiggins,4/24/2020,-34.1547941,-70.7687629,5,,,0,991063
52,Maule,4/24/2020,-35.4270536,-71.6483745,16,,,0,1131939
52,Nuble,4/24/2020,-36.6096863,-72.1279976,7,,,1,511551
52,Biobio,4/24/2020,-36.8249391,-73.0401338,8,,,0,1663696
52,Araucania,4/24/2020,-38.7369966,-72.6018527,42,,,0,1014343
52,Los Rios,4/24/2020,-39.8185499,-73.2417066,1,,,0,405835
52,Los Lagos,4/24/2020,-41.4491726,-72.9594584,6,,,1,891440
52,Aysen,4/24/2020,-45.2066761,-72.6862988,0,,,0,107297
52,Magallanes,4/24/2020,-53.1480972,-70.9503614,9,,,1,178362
53,Arica y Parinacota,4/25/2020,-18.4781181,-70.3141952,6,,,0,252110
53,Tarapaca,4/25/2020,-20.2141288,-70.140672,9,,,1,382773
53,Antofagasta,4/25/2020,-22.4457586,-68.9203724,25,,,1,691854
53,Atacama,4/25/2020,-27.3842181,-70.3308447,3,,,0,314709
53,Coquimbo,4/25/2020,-29.9682462,-71.339197,1,,,0,836096
53,Valparaiso,4/25/2020,-33.0097842,-71.5517663,18,,,1,1960170
53,Metropolitana,4/25/2020,-33.3923636,-70.608036,404,,,3,8125072
53,Ohiggins,4/25/2020,-34.1547941,-70.7687629,4,,,0,991063
53,Maule,4/25/2020,-35.4270536,-71.6483745,1,,,0,1131939
53,Nuble,4/25/2020,-36.6096863,-72.1279976,10,,,0,511551
53,Biobio,4/25/2020,-36.8249391,-73.0401338,13,,,0,1663696
53,Araucania,4/25/2020,-38.7369966,-72.6018527,19,,,1,1014343
53,Los Rios,4/25/2020,-39.8185499,-73.2417066,3,,,0,405835
53,Los Lagos,4/25/2020,-41.4491726,-72.9594584,5,,,0,891440
53,Aysen,4/25/2020,-45.2066761,-72.6862988,0,,,0,107297
53,Magallanes,4/25/2020,-53.1480972,-70.9503614,31,,,0,178362
54,Arica y Parinacota,4/26/2020,-18.4781181,-70.3141952,7,,,0,252110
54,Tarapaca,4/26/2020,-20.2141288,-70.140672,13,,,0,382773
54,Antofagasta,4/26/2020,-22.4457586,-68.9203724,52,,,1,691854
54,Atacama,4/26/2020,-27.3842181,-70.3308447,5,,,0,314709
54,Coquimbo,4/26/2020,-29.9682462,-71.339197,0,,,0,836096
54,Valparaiso,4/26/2020,-33.0097842,-71.5517663,6,,,0,1960170
54,Metropolitana,4/26/2020,-33.3923636,-70.608036,331,,,2,8125072
54,Ohiggins,4/26/2020,-34.1547941,-70.7687629,7,,,0,991063
54,Maule,4/26/2020,-35.4270536,-71.6483745,4,,,1,1131939
54,Nuble,4/26/2020,-36.6096863,-72.1279976,6,,,0,511551
54,Biobio,4/26/2020,-36.8249391,-73.0401338,7,,,1,1663696
54,Araucania,4/26/2020,-38.7369966,-72.6018527,13,,,2,1014343
54,Los Rios,4/26/2020,-39.8185499,-73.2417066,1,,,0,405835
54,Los Lagos,4/26/2020,-41.4491726,-72.9594584,8,,,0,891440
54,Aysen,4/26/2020,-45.2066761,-72.6862988,0,,,0,107297
54,Magallanes,4/26/2020,-53.1480972,-70.9503614,13,,,1,178362
55,Arica y Parinacota,4/27/2020,-18.4781181,-70.3141952,13,,,0,252110
55,Tarapaca,4/27/2020,-20.2141288,-70.140672,8,,,0,382773
55,Antofagasta,4/27/2020,-22.4457586,-68.9203724,14,,,0,691854
55,Atacama,4/27/2020,-27.3842181,-70.3308447,6,,,0,314709
55,Coquimbo,4/27/2020,-29.9682462,-71.339197,1,,,0,836096
55,Valparaiso,4/27/2020,-33.0097842,-71.5517663,25,,,0,1960170
55,Metropolitana,4/27/2020,-33.3923636,-70.608036,362,,,4,8125072
55,Ohiggins,4/27/2020,-34.1547941,-70.7687629,2,,,0,991063
55,Maule,4/27/2020,-35.4270536,-71.6483745,9,,,1,1131939
55,Nuble,4/27/2020,-36.6096863,-72.1279976,10,,,0,511551
55,Biobio,4/27/2020,-36.8249391,-73.0401338,3,,,0,1663696
55,Araucania,4/27/2020,-38.7369966,-72.6018527,20,,,3,1014343
55,Los Rios,4/27/2020,-39.8185499,-73.2417066,2,,,0,405835
55,Los Lagos,4/27/2020,-41.4491726,-72.9594584,4,,,0,891440
55,Aysen,4/27/2020,-45.2066761,-72.6862988,0,,,0,107297
55,Magallanes,4/27/2020,-53.1480972,-70.9503614,3,,,1,178362
56,Arica y Parinacota,4/28/2020,-18.4781181,-70.3141952,3,,,0,252110
56,Tarapaca,4/28/2020,-20.2141288,-70.140672,5,,,0,382773
56,Antofagasta,4/28/2020,-22.4457586,-68.9203724,24,,,0,691854
56,Atacama,4/28/2020,-27.3842181,-70.3308447,0,,,0,314709
56,Coquimbo,4/28/2020,-29.9682462,-71.339197,0,,,0,836096
56,Valparaiso,4/28/2020,-33.0097842,-71.5517663,8,,,1,1960170
56,Metropolitana,4/28/2020,-33.3923636,-70.608036,442,,,5,8125072
56,Ohiggins,4/28/2020,-34.1547941,-70.7687629,3,,,0,991063
56,Maule,4/28/2020,-35.4270536,-71.6483745,21,,,0,1131939
56,Nuble,4/28/2020,-36.6096863,-72.1279976,6,,,0,511551
56,Biobio,4/28/2020,-36.8249391,-73.0401338,3,,,1,1663696
56,Araucania,4/28/2020,-38.7369966,-72.6018527,15,,,0,1014343
56,Los Rios,4/28/2020,-39.8185499,-73.2417066,0,,,1,405835
56,Los Lagos,4/28/2020,-41.4491726,-72.9594584,0,,,1,891440
56,Aysen,4/28/2020,-45.2066761,-72.6862988,0,,,0,107297
56,Magallanes,4/28/2020,-53.1480972,-70.9503614,22,,,0,178362
57,Arica y Parinacota,4/29/2020,-18.4781181,-70.3141952,4,4,0,1,252110
57,Tarapaca,4/29/2020,-20.2141288,-70.140672,14,14,0,0,382773
57,Antofagasta,4/29/2020,-22.4457586,-68.9203724,33,33,0,0,691854
57,Atacama,4/29/2020,-27.3842181,-70.3308447,7,7,0,0,314709
57,Coquimbo,4/29/2020,-29.9682462,-71.339197,2,2,0,0,836096
57,Valparaiso,4/29/2020,-33.0097842,-71.5517663,33,33,0,2,1960170
57,Metropolitana,4/29/2020,-33.3923636,-70.608036,589,339,250,4,8125072
57,Ohiggins,4/29/2020,-34.1547941,-70.7687629,7,7,0,0,991063
57,Maule,4/29/2020,-35.4270536,-71.6483745,8,8,0,1,1131939
57,Nuble,4/29/2020,-36.6096863,-72.1279976,14,14,0,0,511551
57,Biobio,4/29/2020,-36.8249391,-73.0401338,10,10,0,0,1663696
57,Araucania,4/29/2020,-38.7369966,-72.6018527,22,22,0,0,1014343
57,Los Rios,4/29/2020,-39.8185499,-73.2417066,2,2,0,0,405835
57,Los Lagos,4/29/2020,-41.4491726,-72.9594584,4,4,0,0,891440
57,Aysen,4/29/2020,-45.2066761,-72.6862988,0,0,0,0,107297
57,Magallanes,4/29/2020,-53.1480972,-70.9503614,21,21,0,1,178362
58,Arica y Parinacota,4/30/2020,-18.4781181,-70.3141952,7,2,5,0,252110
58,Tarapaca,4/30/2020,-20.2141288,-70.140672,15,15,0,0,382773
58,Antofagasta,4/30/2020,-22.4457586,-68.9203724,32,27,5,1,691854
58,Atacama,4/30/2020,-27.3842181,-70.3308447,1,1,0,0,314709
58,Coquimbo,4/30/2020,-29.9682462,-71.339197,0,0,0,0,836096
58,Valparaiso,4/30/2020,-33.0097842,-71.5517663,33,28,5,0,1960170
58,Metropolitana,4/30/2020,-33.3923636,-70.608036,736,650,86,6,8125072
58,Ohiggins,4/30/2020,-34.1547941,-70.7687629,4,3,1,0,991063
58,Maule,4/30/2020,-35.4270536,-71.6483745,1,0,1,0,1131939
58,Nuble,4/30/2020,-36.6096863,-72.1279976,7,7,0,0,511551
58,Biobio,4/30/2020,-36.8249391,-73.0401338,8,6,2,0,1663696
58,Araucania,4/30/2020,-38.7369966,-72.6018527,20,18,2,3,1014343
58,Los Rios,4/30/2020,-39.8185499,-73.2417066,7,7,0,0,405835
58,Los Lagos,4/30/2020,-41.4491726,-72.9594584,6,5,1,1,891440
58,Aysen,4/30/2020,-45.2066761,-72.6862988,0,0,0,0,107297
58,Magallanes,4/30/2020,-53.1480972,-70.9503614,11,11,0,0,178362
59,Arica y Parinacota,5/1/2020,-18.4781181,-70.3141952,18,13,5,0,252110
59,Tarapaca,5/1/2020,-20.2141288,-70.140672,2,0,2,0,382773
59,Antofagasta,5/1/2020,-22.4457586,-68.9203724,43,37,6,2,691854
59,Atacama,5/1/2020,-27.3842181,-70.3308447,0,0,0,0,314709
59,Coquimbo,5/1/2020,-29.9682462,-71.339197,1,0,1,0,836096
59,Valparaiso,5/1/2020,-33.0097842,-71.5517663,9,4,5,0,1960170
59,Metropolitana,5/1/2020,-33.3923636,-70.608036,891,812,79,4,8125072
59,Ohiggins,5/1/2020,-34.1547941,-70.7687629,1,1,0,0,991063
59,Maule,5/1/2020,-35.4270536,-71.6483745,1,1,0,0,1131939
59,Nuble,5/1/2020,-36.6096863,-72.1279976,0,0,0,0,511551
59,Biobio,5/1/2020,-36.8249391,-73.0401338,2,0,2,0,1663696
59,Araucania,5/1/2020,-38.7369966,-72.6018527,2,0,2,1,1014343
59,Los Rios,5/1/2020,-39.8185499,-73.2417066,0,0,0,0,405835
59,Los Lagos,5/1/2020,-41.4491726,-72.9594584,14,13,1,0,891440
59,Aysen,5/1/2020,-45.2066761,-72.6862988,0,0,0,0,107297
59,Magallanes,5/1/2020,-53.1480972,-70.9503614,1,1,0,0,178362
60,Arica y Parinacota,5/2/2020,-18.4781181,-70.3141952,10,4,6,0,252110
60,Tarapaca,5/2/2020,-20.2141288,-70.140672,12,11,1,0,382773
60,Antofagasta,5/2/2020,-22.4457586,-68.9203724,90,80,10,0,691854
60,Atacama,5/2/2020,-27.3842181,-70.3308447,16,13,3,0,314709
60,Coquimbo,5/2/2020,-29.9682462,-71.339197,1,1,0,0,836096
60,Valparaiso,5/2/2020,-33.0097842,-71.5517663,46,42,4,1,1960170
60,Metropolitana,5/2/2020,-33.3923636,-70.608036,1145,998,147,8,8125072
60,Ohiggins,5/2/2020,-34.1547941,-70.7687629,11,10,1,2,991063
60,Maule,5/2/2020,-35.4270536,-71.6483745,2,2,0,0,1131939
60,Nuble,5/2/2020,-36.6096863,-72.1279976,8,4,4,2,511551
60,Biobio,5/2/2020,-36.8249391,-73.0401338,22,19,3,0,1663696
60,Araucania,5/2/2020,-38.7369966,-72.6018527,19,19,0,0,1014343
60,Los Rios,5/2/2020,-39.8185499,-73.2417066,7,7,0,0,405835
60,Los Lagos,5/2/2020,-41.4491726,-72.9594584,12,11,1,0,891440
60,Aysen,5/2/2020,-45.2066761,-72.6862988,0,0,0,0,107297
60,Magallanes,5/2/2020,-53.1480972,-70.9503614,26,25,1,0,178362
61,Arica y Parinacota,5/3/2020,-18.4781181,-70.3141952,1,1,0,0,252110
61,Tarapaca,5/3/2020,-20.2141288,-70.140672,60,54,6,0,382773
61,Antofagasta,5/3/2020,-22.4457586,-68.9203724,61,45,16,0,691854
61,Atacama,5/3/2020,-27.3842181,-70.3308447,8,8,0,0,314709
61,Coquimbo,5/3/2020,-29.9682462,-71.339197,10,5,5,0,836096
61,Valparaiso,5/3/2020,-33.0097842,-71.5517663,24,23,1,0,1960170
61,Metropolitana,5/3/2020,-33.3923636,-70.608036,995,912,83,13,8125072
61,Ohiggins,5/3/2020,-34.1547941,-70.7687629,5,4,1,0,991063
61,Maule,5/3/2020,-35.4270536,-71.6483745,1,1,0,0,1131939
61,Nuble,5/3/2020,-36.6096863,-72.1279976,10,7,3,0,511551
61,Biobio,5/3/2020,-36.8249391,-73.0401338,8,7,1,0,1663696
61,Araucania,5/3/2020,-38.7369966,-72.6018527,14,14,0,0,1014343
61,Los Rios,5/3/2020,-39.8185499,-73.2417066,2,2,0,0,405835
61,Los Lagos,5/3/2020,-41.4491726,-72.9594584,4,4,0,0,891440
61,Aysen,5/3/2020,-45.2066761,-72.6862988,0,0,0,0,107297
61,Magallanes,5/3/2020,-53.1480972,-70.9503614,25,25,0,0,178362
62,Arica y Parinacota,5/4/2020,-18.4781181,-70.3141952,0,0,0,0,252110
62,Tarapaca,5/4/2020,-20.2141288,-70.140672,23,16,7,0,382773
62,Antofagasta,5/4/2020,-22.4457586,-68.9203724,20,14,6,0,691854
62,Atacama,5/4/2020,-27.3842181,-70.3308447,3,2,1,0,314709
62,Coquimbo,5/4/2020,-29.9682462,-71.339197,3,1,2,0,836096
62,Valparaiso,5/4/2020,-33.0097842,-71.5517663,18,18,0,0,1960170
62,Metropolitana,5/4/2020,-33.3923636,-70.608036,872,790,82,8,8125072
62,Ohiggins,5/4/2020,-34.1547941,-70.7687629,6,6,0,0,991063
62,Maule,5/4/2020,-35.4270536,-71.6483745,2,2,0,0,1131939
62,Nuble,5/4/2020,-36.6096863,-72.1279976,1,0,1,1,511551
62,Biobio,5/4/2020,-36.8249391,-73.0401338,3,3,0,1,1663696
62,Araucania,5/4/2020,-38.7369966,-72.6018527,3,1,2,0,1014343
62,Los Rios,5/4/2020,-39.8185499,-73.2417066,1,1,0,0,405835
62,Los Lagos,5/4/2020,-41.4491726,-72.9594584,7,5,2,0,891440
62,Aysen,5/4/2020,-45.2066761,-72.6862988,0,0,0,0,107297
62,Magallanes,5/4/2020,-53.1480972,-70.9503614,18,17,1,0,178362
63,Arica y Parinacota,5/5/2020,-18.4781181,-70.3141952,7,7,0,0,252110
63,Tarapaca,5/5/2020,-20.2141288,-70.140672,27,14,13,0,382773
63,Antofagasta,5/5/2020,-22.4457586,-68.9203724,51,41,10,0,691854
63,Atacama,5/5/2020,-27.3842181,-70.3308447,8,4,4,0,314709
63,Coquimbo,5/5/2020,-29.9682462,-71.339197,6,5,1,0,836096
63,Valparaiso,5/5/2020,-33.0097842,-71.5517663,31,31,0,2,1960170
63,Metropolitana,5/5/2020,-33.3923636,-70.608036,1179,1157,22,3,8125072
63,Ohiggins,5/5/2020,-34.1547941,-70.7687629,5,5,0,0,991063
63,Maule,5/5/2020,-35.4270536,-71.6483745,9,7,2,0,1131939
63,Nuble,5/5/2020,-36.6096863,-72.1279976,2,2,0,0,511551
63,Biobio,5/5/2020,-36.8249391,-73.0401338,12,11,1,0,1663696
63,Araucania,5/5/2020,-38.7369966,-72.6018527,21,19,2,0,1014343
63,Los Rios,5/5/2020,-39.8185499,-73.2417066,0,0,0,0,405835
63,Los Lagos,5/5/2020,-41.4491726,-72.9594584,1,1,0,0,891440
63,Aysen,5/5/2020,-45.2066761,-72.6862988,0,0,0,0,107297
63,Magallanes,5/5/2020,-53.1480972,-70.9503614,14,13,1,0,178362
64,Arica y Parinacota,5/6/2020,-18.4781181,-70.3141952,3,3,0,1,252110
64,Tarapaca,5/6/2020,-20.2141288,-70.140672,17,13,4,0,382773
64,Antofagasta,5/6/2020,-22.4457586,-68.9203724,44,28,16,0,691854
64,Atacama,5/6/2020,-27.3842181,-70.3308447,2,0,2,0,314709
64,Coquimbo,5/6/2020,-29.9682462,-71.339197,0,0,0,0,836096
64,Valparaiso,5/6/2020,-33.0097842,-71.5517663,29,24,5,1,1960170
64,Metropolitana,5/6/2020,-33.3923636,-70.608036,875,784,91,4,8125072
64,Ohiggins,5/6/2020,-34.1547941,-70.7687629,9,8,1,0,991063
64,Maule,5/6/2020,-35.4270536,-71.6483745,0,0,0,0,1131939
64,Nuble,5/6/2020,-36.6096863,-72.1279976,2,1,1,0,511551
64,Biobio,5/6/2020,-36.8249391,-73.0401338,15,12,3,0,1663696
64,Araucania,5/6/2020,-38.7369966,-72.6018527,10,0,10,0,1014343
64,Los Rios,5/6/2020,-39.8185499,-73.2417066,1,1,0,0,405835
64,Los Lagos,5/6/2020,-41.4491726,-72.9594584,16,11,5,0,891440
64,Aysen,5/6/2020,-45.2066761,-72.6862988,0,0,0,0,107297
64,Magallanes,5/6/2020,-53.1480972,-70.9503614,9,8,1,0,178362
65,Arica y Parinacota,5/7/2020,-18.4781181,-70.3141952,7,6,1,1,252110
65,Tarapaca,5/7/2020,-20.2141288,-70.140672,78,38,40,0,382773
65,Antofagasta,5/7/2020,-22.4457586,-68.9203724,40,31,9,0,691854
65,Atacama,5/7/2020,-27.3842181,-70.3308447,7,1,6,0,314709
65,Coquimbo,5/7/2020,-29.9682462,-71.339197,3,1,2,0,836096
65,Valparaiso,5/7/2020,-33.0097842,-71.5517663,65,61,4,1,1960170
65,Metropolitana,5/7/2020,-33.3923636,-70.608036,1246,1149,97,2,8125072
65,Ohiggins,5/7/2020,-34.1547941,-70.7687629,6,6,0,0,991063
65,Maule,5/7/2020,-35.4270536,-71.6483745,6,6,0,0,1131939
65,Nuble,5/7/2020,-36.6096863,-72.1279976,2,1,1,0,511551
65,Biobio,5/7/2020,-36.8249391,-73.0401338,25,18,7,0,1663696
65,Araucania,5/7/2020,-38.7369966,-72.6018527,23,7,16,0,1014343
65,Los Rios,5/7/2020,-39.8185499,-73.2417066,2,2,0,0,405835
65,Los Lagos,5/7/2020,-41.4491726,-72.9594584,4,0,4,0,891440
65,Aysen,5/7/2020,-45.2066761,-72.6862988,1,1,0,0,107297
65,Magallanes,5/7/2020,-53.1480972,-70.9503614,18,15,3,0,178362
66,Arica y Parinacota,5/8/2020,-18.4781181,-70.3141952,2,1,1,0,252110
66,Tarapaca,5/8/2020,-20.2141288,-70.140672,42,5,37,0,382773
66,Antofagasta,5/8/2020,-22.4457586,-68.9203724,28,26,2,2,691854
66,Atacama,5/8/2020,-27.3842181,-70.3308447,1,0,1,0,314709
66,Coquimbo,5/8/2020,-29.9682462,-71.339197,11,9,2,0,836096
66,Valparaiso,5/8/2020,-33.0097842,-71.5517663,47,38,9,1,1960170
66,Metropolitana,5/8/2020,-33.3923636,-70.608036,1151,1022,129,5,8125072
66,Ohiggins,5/8/2020,-34.1547941,-70.7687629,16,13,3,0,991063
66,Maule,5/8/2020,-35.4270536,-71.6483745,11,11,0,0,1131939
66,Nuble,5/8/2020,-36.6096863,-72.1279976,1,1,0,1,511551
66,Biobio,5/8/2020,-36.8249391,-73.0401338,28,20,8,0,1663696
66,Araucania,5/8/2020,-38.7369966,-72.6018527,18,7,11,0,1014343
66,Los Rios,5/8/2020,-39.8185499,-73.2417066,1,1,0,0,405835
66,Los Lagos,5/8/2020,-41.4491726,-72.9594584,3,1,2,0,891440
66,Aysen,5/8/2020,-45.2066761,-72.6862988,0,0,0,0,107297
66,Magallanes,5/8/2020,-53.1480972,-70.9503614,31,28,3,0,178362
67,Arica y Parinacota,5/9/2020,-18.4781181,-70.3141952,10,8,2,0,252110
67,Tarapaca,5/9/2020,-20.2141288,-70.140672,26,25,1,0,382773
67,Antofagasta,5/9/2020,-22.4457586,-68.9203724,24,19,5,1,691854
67,Atacama,5/9/2020,-27.3842181,-70.3308447,29,20,9,0,314709
67,Coquimbo,5/9/2020,-29.9682462,-71.339197,18,12,6,0,836096
67,Valparaiso,5/9/2020,-33.0097842,-71.5517663,50,43,7,1,1960170
67,Metropolitana,5/9/2020,-33.3923636,-70.608036,978,789,189,6,8125072
67,Ohiggins,5/9/2020,-34.1547941,-70.7687629,15,13,2,0,991063
67,Maule,5/9/2020,-35.4270536,-71.6483745,7,6,1,1,1131939
67,Nuble,5/9/2020,-36.6096863,-72.1279976,7,5,2,0,511551
67,Biobio,5/9/2020,-36.8249391,-73.0401338,40,31,9,0,1663696
67,Araucania,5/9/2020,-38.7369966,-72.6018527,15,15,0,0,1014343
67,Los Rios,5/9/2020,-39.8185499,-73.2417066,3,1,2,1,405835
67,Los Lagos,5/9/2020,-41.4491726,-72.9594584,11,7,4,0,891440
67,Aysen,5/9/2020,-45.2066761,-72.6862988,0,0,0,0,107297
67,Magallanes,5/9/2020,-53.1480972,-70.9503614,14,10,4,0,178362
68,Arica y Parinacota,5/10/2020,-18.4781181,-70.3141952,3,2,1,0,252110
68,Tarapaca,5/10/2020,-20.2141288,-70.140672,35,28,7,0,382773
68,Antofagasta,5/10/2020,-22.4457586,-68.9203724,31,27,4,0,691854
68,Atacama,5/10/2020,-27.3842181,-70.3308447,7,7,0,0,314709
68,Coquimbo,5/10/2020,-29.9682462,-71.339197,6,0,6,1,836096
68,Valparaiso,5/10/2020,-33.0097842,-71.5517663,55,42,13,1,1960170
68,Metropolitana,5/10/2020,-33.3923636,-70.608036,1396,1225,171,3,8125072
68,Ohiggins,5/10/2020,-34.1547941,-70.7687629,13,8,5,0,991063
68,Maule,5/10/2020,-35.4270536,-71.6483745,9,8,1,0,1131939
68,Nuble,5/10/2020,-36.6096863,-72.1279976,11,8,3,0,511551
68,Biobio,5/10/2020,-36.8249391,-73.0401338,17,10,7,0,1663696
68,Araucania,5/10/2020,-38.7369966,-72.6018527,36,22,14,1,1014343
68,Los Rios,5/10/2020,-39.8185499,-73.2417066,0,0,0,0,405835
68,Los Lagos,5/10/2020,-41.4491726,-72.9594584,16,10,6,0,891440
68,Aysen,5/10/2020,-45.2066761,-72.6862988,0,0,0,0,107297
68,Magallanes,5/10/2020,-53.1480972,-70.9503614,12,9,3,2,178362
69,Arica y Parinacota,5/11/2020,-18.4781181,-70.3141952,11,10,1,1,252110
69,Tarapaca,5/11/2020,-20.2141288,-70.140672,27,18,9,0,382773
69,Antofagasta,5/11/2020,-22.4457586,-68.9203724,36,32,4,0,691854
69,Atacama,5/11/2020,-27.3842181,-70.3308447,9,5,4,0,314709
69,Coquimbo,5/11/2020,-29.9682462,-71.339197,5,5,0,0,836096
69,Valparaiso,5/11/2020,-33.0097842,-71.5517663,37,29,8,1,1960170
69,Metropolitana,5/11/2020,-33.3923636,-70.608036,964,827,137,6,8125072
69,Ohiggins,5/11/2020,-34.1547941,-70.7687629,21,13,8,1,991063
69,Maule,5/11/2020,-35.4270536,-71.6483745,13,9,4,0,1131939
69,Nuble,5/11/2020,-36.6096863,-72.1279976,2,1,1,0,511551
69,Biobio,5/11/2020,-36.8249391,-73.0401338,33,12,21,0,1663696
69,Araucania,5/11/2020,-38.7369966,-72.6018527,12,2,10,1,1014343
69,Los Rios,5/11/2020,-39.8185499,-73.2417066,2,1,1,0,405835
69,Los Lagos,5/11/2020,-41.4491726,-72.9594584,17,8,9,0,891440
69,Aysen,5/11/2020,-45.2066761,-72.6862988,0,0,0,0,107297
69,Magallanes,5/11/2020,-53.1480972,-70.9503614,8,3,5,1,178362
70,Arica y Parinacota,5/12/2020,-18.4781181,-70.3141952,0,0,0,0,252110
70,Tarapaca,5/12/2020,-20.2141288,-70.140672,31,23,8,0,382773
70,Antofagasta,5/12/2020,-22.4457586,-68.9203724,95,89,6,0,691854
70,Atacama,5/12/2020,-27.3842181,-70.3308447,1,1,0,0,314709
70,Coquimbo,5/12/2020,-29.9682462,-71.339197,8,4,4,0,836096
70,Valparaiso,5/12/2020,-33.0097842,-71.5517663,59,54,5,2,1960170
70,Metropolitana,5/12/2020,-33.3923636,-70.608036,1392,1260,132,6,8125072
70,Ohiggins,5/12/2020,-34.1547941,-70.7687629,8,7,1,0,991063
70,Maule,5/12/2020,-35.4270536,-71.6483745,12,8,4,0,1131939
70,Nuble,5/12/2020,-36.6096863,-72.1279976,12,12,0,1,511551
70,Biobio,5/12/2020,-36.8249391,-73.0401338,10,0,10,1,1663696
70,Araucania,5/12/2020,-38.7369966,-72.6018527,16,14,2,1,1014343
70,Los Rios,5/12/2020,-39.8185499,-73.2417066,3,3,0,0,405835
70,Los Lagos,5/12/2020,-41.4491726,-72.9594584,2,2,0,1,891440
70,Aysen,5/12/2020,-45.2066761,-72.6862988,0,0,0,0,107297
70,Magallanes,5/12/2020,-53.1480972,-70.9503614,9,2,7,0,178362
71,Arica y Parinacota,5/13/2020,-18.4781181,-70.3141952,8,7,1,0,252110
71,Tarapaca,5/13/2020,-20.2141288,-70.140672,37,31,6,0,382773
71,Antofagasta,5/13/2020,-22.4457586,-68.9203724,107,91,16,1,691854
71,Atacama,5/13/2020,-27.3842181,-70.3308447,5,5,0,0,314709
71,Coquimbo,5/13/2020,-29.9682462,-71.339197,5,0,5,0,836096
71,Valparaiso,5/13/2020,-33.0097842,-71.5517663,94,79,15,1,1960170
71,Metropolitana,5/13/2020,-33.3923636,-70.608036,2256,1826,430,6,8125072
71,Ohiggins,5/13/2020,-34.1547941,-70.7687629,24,18,6,0,991063
71,Maule,5/13/2020,-35.4270536,-71.6483745,19,17,2,0,1131939
71,Nuble,5/13/2020,-36.6096863,-72.1279976,13,11,2,0,511551
71,Biobio,5/13/2020,-36.8249391,-73.0401338,33,27,6,0,1663696
71,Araucania,5/13/2020,-38.7369966,-72.6018527,13,9,4,0,1014343
71,Los Rios,5/13/2020,-39.8185499,-73.2417066,1,1,0,1,405835
71,Los Lagos,5/13/2020,-41.4491726,-72.9594584,34,21,13,0,891440
71,Aysen,5/13/2020,-45.2066761,-72.6862988,0,0,0,0,107297
71,Magallanes,5/13/2020,-53.1480972,-70.9503614,11,9,2,2,178362
72,Arica y Parinacota,5/14/2020,-18.4781181,-70.3141952,4,4,0,0,252110
72,Tarapaca,5/14/2020,-20.2141288,-70.140672,67,51,16,0,382773
72,Antofagasta,5/14/2020,-22.4457586,-68.9203724,61,48,13,0,691854
72,Atacama,5/14/2020,-27.3842181,-70.3308447,1,0,1,0,314709
72,Coquimbo,5/14/2020,-29.9682462,-71.339197,12,3,9,0,836096
72,Valparaiso,5/14/2020,-33.0097842,-71.5517663,90,69,21,1,1960170
72,Metropolitana,5/14/2020,-33.3923636,-70.608036,2251,1994,257,18,8125072
72,Ohiggins,5/14/2020,-34.1547941,-70.7687629,47,33,14,0,991063
72,Maule,5/14/2020,-35.4270536,-71.6483745,34,24,10,0,1131939
72,Nuble,5/14/2020,-36.6096863,-72.1279976,10,10,0,1,511551
72,Biobio,5/14/2020,-36.8249391,-73.0401338,20,14,6,0,1663696
72,Araucania,5/14/2020,-38.7369966,-72.6018527,41,36,5,2,1014343
72,Los Rios,5/14/2020,-39.8185499,-73.2417066,2,2,0,0,405835
72,Los Lagos,5/14/2020,-41.4491726,-72.9594584,5,0,5,0,891440
72,Aysen,5/14/2020,-45.2066761,-72.6862988,0,0,0,0,107297
72,Magallanes,5/14/2020,-53.1480972,-70.9503614,14,13,1,0,178362
73,Arica y Parinacota,5/15/2020,-18.4781181,-70.3141952,5,5,0,0,252110
73,Tarapaca,5/15/2020,-20.2141288,-70.140672,97,75,22,1,382773
73,Antofagasta,5/15/2020,-22.4457586,-68.9203724,54,38,16,1,691854
73,Atacama,5/15/2020,-27.3842181,-70.3308447,3,2,1,0,314709
73,Coquimbo,5/15/2020,-29.9682462,-71.339197,15,5,10,0,836096
73,Valparaiso,5/15/2020,-33.0097842,-71.5517663,99,66,33,2,1960170
73,Metropolitana,5/15/2020,-33.3923636,-70.608036,2060,1793,267,19,8125072
73,Ohiggins,5/15/2020,-34.1547941,-70.7687629,28,22,6,1,991063
73,Maule,5/15/2020,-35.4270536,-71.6483745,21,14,7,0,1131939
73,Nuble,5/15/2020,-36.6096863,-72.1279976,36,30,6,0,511551
73,Biobio,5/15/2020,-36.8249391,-73.0401338,41,32,9,0,1663696
73,Araucania,5/15/2020,-38.7369966,-72.6018527,28,18,10,2,1014343
73,Los Rios,5/15/2020,-39.8185499,-73.2417066,5,4,1,0,405835
73,Los Lagos,5/15/2020,-41.4491726,-72.9594584,8,6,2,0,891440
73,Aysen,5/15/2020,-45.2066761,-72.6862988,0,0,0,0,107297
73,Magallanes,5/15/2020,-53.1480972,-70.9503614,2,2,0,0,178362
74,Arica y Parinacota,5/16/2020,-18.4781181,-70.3141952,9,7,2,0,252110
74,Tarapaca,5/16/2020,-20.2141288,-70.140672,66,51,15,0,382773
74,Antofagasta,5/16/2020,-22.4457586,-68.9203724,98,71,27,0,691854
74,Atacama,5/16/2020,-27.3842181,-70.3308447,3,3,0,0,314709
74,Coquimbo,5/16/2020,-29.9682462,-71.339197,7,0,7,1,836096
74,Valparaiso,5/16/2020,-33.0097842,-71.5517663,53,33,20,1,1960170
74,Metropolitana,5/16/2020,-33.3923636,-70.608036,1518,1319,199,25,8125072
74,Ohiggins,5/16/2020,-34.1547941,-70.7687629,6,6,0,0,991063
74,Maule,5/16/2020,-35.4270536,-71.6483745,11,9,2,0,1131939
74,Nuble,5/16/2020,-36.6096863,-72.1279976,36,14,22,0,511551
74,Biobio,5/16/2020,-36.8249391,-73.0401338,38,29,9,0,1663696
74,Araucania,5/16/2020,-38.7369966,-72.6018527,23,16,7,0,1014343
74,Los Rios,5/16/2020,-39.8185499,-73.2417066,0,0,0,0,405835
74,Los Lagos,5/16/2020,-41.4491726,-72.9594584,3,3,0,0,891440
74,Aysen,5/16/2020,-45.2066761,-72.6862988,0,0,0,0,107297
74,Magallanes,5/16/2020,-53.1480972,-70.9503614,15,12,3,0,178362
75,Arica y Parinacota,5/17/2020,-18.4781181,-70.3141952,1,1,0,0,252110
75,Tarapaca,5/17/2020,-20.2141288,-70.140672,130,108,22,2,382773
75,Antofagasta,5/17/2020,-22.4457586,-68.9203724,76,60,16,1,691854
75,Atacama,5/17/2020,-27.3842181,-70.3308447,3,2,1,0,314709
75,Coquimbo,5/17/2020,-29.9682462,-71.339197,7,1,6,0,836096
75,Valparaiso,5/17/2020,-33.0097842,-71.5517663,109,85,24,1,1960170
75,Metropolitana,5/17/2020,-33.3923636,-70.608036,1890,1671,219,24,8125072
75,Ohiggins,5/17/2020,-34.1547941,-70.7687629,37,22,15,0,991063
75,Maule,5/17/2020,-35.4270536,-71.6483745,22,17,5,0,1131939
75,Nuble,5/17/2020,-36.6096863,-72.1279976,21,14,7,0,511551
75,Biobio,5/17/2020,-36.8249391,-73.0401338,25,19,6,0,1663696
75,Araucania,5/17/2020,-38.7369966,-72.6018527,19,13,6,1,1014343
75,Los Rios,5/17/2020,-39.8185499,-73.2417066,1,1,0,0,405835
75,Los Lagos,5/17/2020,-41.4491726,-72.9594584,3,2,1,0,891440
75,Aysen,5/17/2020,-45.2066761,-72.6862988,0,0,0,0,107297
75,Magallanes,5/17/2020,-53.1480972,-70.9503614,9,8,1,0,178362
76,Arica y Parinacota,5/18/2020,-18.4781181,-70.3141952,20,18,2,0,252110
76,Tarapaca,5/18/2020,-20.2141288,-70.140672,81,73,8,0,382773
76,Antofagasta,5/18/2020,-22.4457586,-68.9203724,84,70,14,1,691854
76,Atacama,5/18/2020,-27.3842181,-70.3308447,8,5,3,0,314709
76,Coquimbo,5/18/2020,-29.9682462,-71.339197,18,13,5,0,836096
76,Valparaiso,5/18/2020,-33.0097842,-71.5517663,79,70,9,1,1960170
76,Metropolitana,5/18/2020,-33.3923636,-70.608036,1767,1596,171,24,8125072
76,Ohiggins,5/18/2020,-34.1547941,-70.7687629,52,33,19,1,991063
76,Maule,5/18/2020,-35.4270536,-71.6483745,29,23,6,0,1131939
76,Nuble,5/18/2020,-36.6096863,-72.1279976,43,37,6,1,511551
76,Biobio,5/18/2020,-36.8249391,-73.0401338,45,40,5,0,1663696
76,Araucania,5/18/2020,-38.7369966,-72.6018527,33,28,5,0,1014343
76,Los Rios,5/18/2020,-39.8185499,-73.2417066,4,3,1,0,405835
76,Los Lagos,5/18/2020,-41.4491726,-72.9594584,5,1,4,0,891440
76,Aysen,5/18/2020,-45.2066761,-72.6862988,0,0,0,0,107297
76,Magallanes,5/18/2020,-53.1480972,-70.9503614,10,8,2,0,178362
77,Arica y Parinacota,5/19/2020,-18.4781181,-70.3141952,24,21,3,0,252110
77,Tarapaca,5/19/2020,-20.2141288,-70.140672,53,40,13,0,382773
77,Antofagasta,5/19/2020,-22.4457586,-68.9203724,59,43,16,2,691854
77,Atacama,5/19/2020,-27.3842181,-70.3308447,1,1,0,0,314709
77,Coquimbo,5/19/2020,-29.9682462,-71.339197,27,21,6,0,836096
77,Valparaiso,5/19/2020,-33.0097842,-71.5517663,86,72,14,2,1960170
77,Metropolitana,5/19/2020,-33.3923636,-70.608036,3140,2802,338,24,8125072
77,Ohiggins,5/19/2020,-34.1547941,-70.7687629,24,13,11,1,991063
77,Maule,5/19/2020,-35.4270536,-71.6483745,38,33,5,0,1131939
77,Nuble,5/19/2020,-36.6096863,-72.1279976,3,3,0,0,511551
77,Biobio,5/19/2020,-36.8249391,-73.0401338,28,25,3,0,1663696
77,Araucania,5/19/2020,-38.7369966,-72.6018527,27,18,9,0,1014343
77,Los Rios,5/19/2020,-39.8185499,-73.2417066,5,4,1,0,405835
77,Los Lagos,5/19/2020,-41.4491726,-72.9594584,4,2,2,1,891440
77,Aysen,5/19/2020,-45.2066761,-72.6862988,0,0,0,0,107297
77,Magallanes,5/19/2020,-53.1480972,-70.9503614,1,1,0,1,178362
78,Arica y Parinacota,5/20/2020,-18.4781181,-70.3141952,2,2,0,0,252110
78,Tarapaca,5/20/2020,-20.2141288,-70.140672,30,28,2,0,382773
78,Antofagasta,5/20/2020,-22.4457586,-68.9203724,83,51,32,1,691854
78,Atacama,5/20/2020,-27.3842181,-70.3308447,5,3,2,0,314709
78,Coquimbo,5/20/2020,-29.9682462,-71.339197,24,13,11,0,836096
78,Valparaiso,5/20/2020,-33.0097842,-71.5517663,131,107,24,3,1960170
78,Metropolitana,5/20/2020,-33.3923636,-70.608036,3588,3298,290,30,8125072
78,Ohiggins,5/20/2020,-34.1547941,-70.7687629,13,11,2,0,991063
78,Maule,5/20/2020,-35.4270536,-71.6483745,40,29,11,0,1131939
78,Nuble,5/20/2020,-36.6096863,-72.1279976,23,20,3,0,511551
78,Biobio,5/20/2020,-36.8249391,-73.0401338,52,43,9,0,1663696
78,Araucania,5/20/2020,-38.7369966,-72.6018527,14,10,4,0,1014343
78,Los Rios,5/20/2020,-39.8185499,-73.2417066,18,17,1,0,405835
78,Los Lagos,5/20/2020,-41.4491726,-72.9594584,10,10,0,0,891440
78,Aysen,5/20/2020,-45.2066761,-72.6862988,0,0,0,0,107297
78,Magallanes,5/20/2020,-53.1480972,-70.9503614,5,5,0,1,178362
79,Arica y Parinacota,5/21/2020,-18.4781181,-70.3141952,29,21,8,0,252110
79,Tarapaca,5/21/2020,-20.2141288,-70.140672,107,99,8,0,382773
79,Antofagasta,5/21/2020,-22.4457586,-68.9203724,47,35,12,0,691854
79,Atacama,5/21/2020,-27.3842181,-70.3308447,5,3,2,0,314709
79,Coquimbo,5/21/2020,-29.9682462,-71.339197,5,2,3,0,836096
79,Valparaiso,5/21/2020,-33.0097842,-71.5517663,117,101,16,3,1960170
79,Metropolitana,5/21/2020,-33.3923636,-70.608036,3462,3126,336,40,8125072
79,Ohiggins,5/21/2020,-34.1547941,-70.7687629,10,8,2,0,991063
79,Maule,5/21/2020,-35.4270536,-71.6483745,51,44,7,1,1131939
79,Nuble,5/21/2020,-36.6096863,-72.1279976,9,8,1,0,511551
79,Biobio,5/21/2020,-36.8249391,-73.0401338,39,32,7,0,1663696
79,Araucania,5/21/2020,-38.7369966,-72.6018527,35,25,10,0,1014343
79,Los Rios,5/21/2020,-39.8185499,-73.2417066,11,10,1,0,405835
79,Los Lagos,5/21/2020,-41.4491726,-72.9594584,27,14,13,1,891440
79,Aysen,5/21/2020,-45.2066761,-72.6862988,0,0,0,0,107297
79,Magallanes,5/21/2020,-53.1480972,-70.9503614,10,10,0,0,178362
80,Arica y Parinacota,5/22/2020,-18.4781181,-70.3141952,18,15,3,0,252110
80,Tarapaca,5/22/2020,-20.2141288,-70.140672,147,121,26,1,382773
80,Antofagasta,5/22/2020,-22.4457586,-68.9203724,63,55,8,0,691854
80,Atacama,5/22/2020,-27.3842181,-70.3308447,7,3,4,0,314709
80,Coquimbo,5/22/2020,-29.9682462,-71.339197,13,10,3,0,836096
80,Valparaiso,5/22/2020,-33.0097842,-71.5517663,133,120,13,2,1960170
80,Metropolitana,5/22/2020,-33.3923636,-70.608036,3709,3374,335,35,8125072
80,Ohiggins,5/22/2020,-34.1547941,-70.7687629,27,21,6,1,991063
80,Maule,5/22/2020,-35.4270536,-71.6483745,51,50,1,0,1131939
80,Nuble,5/22/2020,-36.6096863,-72.1279976,5,5,0,0,511551
80,Biobio,5/22/2020,-36.8249391,-73.0401338,48,43,5,1,1663696
80,Araucania,5/22/2020,-38.7369966,-72.6018527,22,22,0,1,1014343
80,Los Rios,5/22/2020,-39.8185499,-73.2417066,4,4,0,0,405835
80,Los Lagos,5/22/2020,-41.4491726,-72.9594584,24,15,9,0,891440
80,Aysen,5/22/2020,-45.2066761,-72.6862988,0,0,0,0,107297
80,Magallanes,5/22/2020,-53.1480972,-70.9503614,5,5,0,0,178362
81,Arica y Parinacota,5/23/2020,-18.4781181,-70.3141952,11,9,2,0,252110
81,Tarapaca,5/23/2020,-20.2141288,-70.140672,78,68,10,0,382773
81,Antofagasta,5/23/2020,-22.4457586,-68.9203724,56,52,4,4,691854
81,Atacama,5/23/2020,-27.3842181,-70.3308447,7,6,1,0,314709
81,Coquimbo,5/23/2020,-29.9682462,-71.339197,13,12,1,0,836096
81,Valparaiso,5/23/2020,-33.0097842,-71.5517663,96,87,9,4,1960170
81,Metropolitana,5/23/2020,-33.3923636,-70.608036,3049,2812,237,32,8125072
81,Ohiggins,5/23/2020,-34.1547941,-70.7687629,26,20,6,3,991063
81,Maule,5/23/2020,-35.4270536,-71.6483745,41,37,4,0,1131939
81,Nuble,5/23/2020,-36.6096863,-72.1279976,52,45,7,0,511551
81,Biobio,5/23/2020,-36.8249391,-73.0401338,43,39,4,0,1663696
81,Araucania,5/23/2020,-38.7369966,-72.6018527,37,30,7,0,1014343
81,Los Rios,5/23/2020,-39.8185499,-73.2417066,12,10,2,0,405835
81,Los Lagos,5/23/2020,-41.4491726,-72.9594584,10,5,5,0,891440
81,Aysen,5/23/2020,-45.2066761,-72.6862988,0,0,0,0,107297
81,Magallanes,5/23/2020,-53.1480972,-70.9503614,5,5,0,0,178362
82,Arica y Parinacota,5/24/2020,-18.4781181,-70.3141952,16,13,3,0,252110
82,Tarapaca,5/24/2020,-20.2141288,-70.140672,93,85,8,2,382773
82,Antofagasta,5/24/2020,-22.4457586,-68.9203724,50,40,10,0,691854
82,Atacama,5/24/2020,-27.3842181,-70.3308447,0,0,0,0,314709
82,Coquimbo,5/24/2020,-29.9682462,-71.339197,29,25,4,0,836096
82,Valparaiso,5/24/2020,-33.0097842,-71.5517663,114,99,15,4,1960170
82,Metropolitana,5/24/2020,-33.3923636,-70.608036,3145,2859,286,39,8125072
82,Ohiggins,5/24/2020,-34.1547941,-70.7687629,36,28,8,0,991063
82,Maule,5/24/2020,-35.4270536,-71.6483745,69,65,4,0,1131939
82,Nuble,5/24/2020,-36.6096863,-72.1279976,25,23,2,0,511551
82,Biobio,5/24/2020,-36.8249391,-73.0401338,60,51,9,0,1663696
82,Araucania,5/24/2020,-38.7369966,-72.6018527,34,26,8,0,1014343
82,Los Rios,5/24/2020,-39.8185499,-73.2417066,16,11,5,0,405835
82,Los Lagos,5/24/2020,-41.4491726,-72.9594584,9,6,3,0,891440
82,Aysen,5/24/2020,-45.2066761,-72.6862988,0,0,0,0,107297
82,Magallanes,5/24/2020,-53.1480972,-70.9503614,13,12,1,0,178362
83,Arica y Parinacota,5/25/2020,-18.4781181,-70.3141952,15,15,0,0,252110
83,Tarapaca,5/25/2020,-20.2141288,-70.140672,66,53,13,0,382773
83,Antofagasta,5/25/2020,-22.4457586,-68.9203724,68,61,7,0,691854
83,Atacama,5/25/2020,-27.3842181,-70.3308447,3,3,0,0,314709
83,Coquimbo,5/25/2020,-29.9682462,-71.339197,15,14,1,0,836096
83,Valparaiso,5/25/2020,-33.0097842,-71.5517663,75,65,10,5,1960170
83,Metropolitana,5/25/2020,-33.3923636,-70.608036,4386,4000,386,35,8125072
83,Ohiggins,5/25/2020,-34.1547941,-70.7687629,34,29,5,2,991063
83,Maule,5/25/2020,-35.4270536,-71.6483745,61,54,7,0,1131939
83,Nuble,5/25/2020,-36.6096863,-72.1279976,37,37,0,1,511551
83,Biobio,5/25/2020,-36.8249391,-73.0401338,44,34,10,0,1663696
83,Araucania,5/25/2020,-38.7369966,-72.6018527,49,30,19,0,1014343
83,Los Rios,5/25/2020,-39.8185499,-73.2417066,7,6,1,0,405835
83,Los Lagos,5/25/2020,-41.4491726,-72.9594584,27,20,7,0,891440
83,Aysen,5/25/2020,-45.2066761,-72.6862988,2,2,0,0,107297
83,Magallanes,5/25/2020,-53.1480972,-70.9503614,6,5,1,0,178362
84,Arica y Parinacota,5/26/2020,-18.4781181,-70.3141952,9,8,1,0,252110
84,Tarapaca,5/26/2020,-20.2141288,-70.140672,107,97,10,1,382773
84,Antofagasta,5/26/2020,-22.4457586,-68.9203724,48,44,4,2,691854
84,Atacama,5/26/2020,-27.3842181,-70.3308447,3,2,1,0,314709
84,Coquimbo,5/26/2020,-29.9682462,-71.339197,46,37,9,0,836096
84,Valparaiso,5/26/2020,-33.0097842,-71.5517663,150,133,17,4,1960170
84,Metropolitana,5/26/2020,-33.3923636,-70.608036,3355,3074,281,38,8125072
84,Ohiggins,5/26/2020,-34.1547941,-70.7687629,66,59,7,0,991063
84,Maule,5/26/2020,-35.4270536,-71.6483745,60,60,0,0,1131939
84,Nuble,5/26/2020,-36.6096863,-72.1279976,8,8,0,0,511551
84,Biobio,5/26/2020,-36.8249391,-73.0401338,44,40,4,0,1663696
84,Araucania,5/26/2020,-38.7369966,-72.6018527,26,21,5,0,1014343
84,Los Rios,5/26/2020,-39.8185499,-73.2417066,7,7,0,0,405835
84,Los Lagos,5/26/2020,-41.4491726,-72.9594584,18,14,4,0,891440
84,Aysen,5/26/2020,-45.2066761,-72.6862988,2,2,0,0,107297
84,Magallanes,5/26/2020,-53.1480972,-70.9503614,15,12,3,0,178362
85,Arica y Parinacota,5/27/2020,-18.4781181,-70.3141952,19,17,2,0,252110
85,Tarapaca,5/27/2020,-20.2141288,-70.140672,74,70,4,3,382773
85,Antofagasta,5/27/2020,-22.4457586,-68.9203724,74,65,9,2,691854
85,Atacama,5/27/2020,-27.3842181,-70.3308447,9,8,1,0,314709
85,Coquimbo,5/27/2020,-29.9682462,-71.339197,71,64,7,0,836096
85,Valparaiso,5/27/2020,-33.0097842,-71.5517663,121,111,10,1,1960170
85,Metropolitana,5/27/2020,-33.3923636,-70.608036,3726,3421,305,28,8125072
85,Ohiggins,5/27/2020,-34.1547941,-70.7687629,37,24,13,1,991063
85,Maule,5/27/2020,-35.4270536,-71.6483745,53,52,1,0,1131939
85,Nuble,5/27/2020,-36.6096863,-72.1279976,27,24,3,0,511551
85,Biobio,5/27/2020,-36.8249391,-73.0401338,63,54,9,0,1663696
85,Araucania,5/27/2020,-38.7369966,-72.6018527,33,26,7,0,1014343
85,Los Rios,5/27/2020,-39.8185499,-73.2417066,5,5,0,0,405835
85,Los Lagos,5/27/2020,-41.4491726,-72.9594584,10,10,0,0,891440
85,Aysen,5/27/2020,-45.2066761,-72.6862988,0,0,0,0,107297
85,Magallanes,5/27/2020,-53.1480972,-70.9503614,6,5,1,0,178362
86,Arica y Parinacota,5/28/2020,-18.4781181,-70.3141952,21,18,3,0,252110
86,Tarapaca,5/28/2020,-20.2141288,-70.140672,146,119,27,1,382773
86,Antofagasta,5/28/2020,-22.4457586,-68.9203724,111,98,13,3,691854
86,Atacama,5/28/2020,-27.3842181,-70.3308447,5,4,1,0,314709
86,Coquimbo,5/28/2020,-29.9682462,-71.339197,27,24,3,0,836096
86,Valparaiso,5/28/2020,-33.0097842,-71.5517663,154,123,31,2,1960170
86,Metropolitana,5/28/2020,-33.3923636,-70.608036,3904,3500,404,43,8125072
86,Ohiggins,5/28/2020,-34.1547941,-70.7687629,14,13,1,0,991063
86,Maule,5/28/2020,-35.4270536,-71.6483745,54,46,8,0,1131939
86,Nuble,5/28/2020,-36.6096863,-72.1279976,31,26,5,0,511551
86,Biobio,5/28/2020,-36.8249391,-73.0401338,112,96,16,0,1663696
86,Araucania,5/28/2020,-38.7369966,-72.6018527,38,31,7,0,1014343
86,Los Rios,5/28/2020,-39.8185499,-73.2417066,9,9,0,0,405835
86,Los Lagos,5/28/2020,-41.4491726,-72.9594584,23,17,6,0,891440
86,Aysen,5/28/2020,-45.2066761,-72.6862988,2,2,0,0,107297
86,Magallanes,5/28/2020,-53.1480972,-70.9503614,3,2,1,0,178362
87,Arica y Parinacota,5/29/2020,-18.4781181,-70.3141952,20,17,3,0,252110
87,Tarapaca,5/29/2020,-20.2141288,-70.140672,136,130,6,2,382773
87,Antofagasta,5/29/2020,-22.4457586,-68.9203724,70,57,13,0,691854
87,Atacama,5/29/2020,-27.3842181,-70.3308447,5,3,2,0,314709
87,Coquimbo,5/29/2020,-29.9682462,-71.339197,55,52,3,0,836096
87,Valparaiso,5/29/2020,-33.0097842,-71.5517663,112,91,21,1,1960170
87,Metropolitana,5/29/2020,-33.3923636,-70.608036,2995,2746,249,47,8125072
87,Ohiggins,5/29/2020,-34.1547941,-70.7687629,40,35,5,0,991063
87,Maule,5/29/2020,-35.4270536,-71.6483745,60,55,5,0,1131939
87,Nuble,5/29/2020,-36.6096863,-72.1279976,37,34,3,0,511551
87,Biobio,5/29/2020,-36.8249391,-73.0401338,101,91,10,1,1663696
87,Araucania,5/29/2020,-38.7369966,-72.6018527,35,24,11,2,1014343
87,Los Rios,5/29/2020,-39.8185499,-73.2417066,12,6,6,0,405835
87,Los Lagos,5/29/2020,-41.4491726,-72.9594584,8,6,2,0,891440
87,Aysen,5/29/2020,-45.2066761,-72.6862988,2,2,0,0,107297
87,Magallanes,5/29/2020,-53.1480972,-70.9503614,7,6,1,1,178362
88,Arica y Parinacota,5/30/2020,-18.4781181,-70.3141952,6,4,2,0,252110
88,Tarapaca,5/30/2020,-20.2141288,-70.140672,157,124,33,4,382773
88,Antofagasta,5/30/2020,-22.4457586,-68.9203724,111,90,21,1,691854
88,Atacama,5/30/2020,-27.3842181,-70.3308447,8,8,0,0,314709
88,Coquimbo,5/30/2020,-29.9682462,-71.339197,60,52,8,0,836096
88,Valparaiso,5/30/2020,-33.0097842,-71.5517663,195,169,26,2,1960170
88,Metropolitana,5/30/2020,-33.3923636,-70.608036,3341,3035,306,43,8125072
88,Ohiggins,5/30/2020,-34.1547941,-70.7687629,11,11,0,2,991063
88,Maule,5/30/2020,-35.4270536,-71.6483745,76,59,17,0,1131939
88,Nuble,5/30/2020,-36.6096863,-72.1279976,14,7,7,1,511551
88,Biobio,5/30/2020,-36.8249391,-73.0401338,110,80,30,0,1663696
88,Araucania,5/30/2020,-38.7369966,-72.6018527,71,47,24,0,1014343
88,Los Rios,5/30/2020,-39.8185499,-73.2417066,15,12,3,0,405835
88,Los Lagos,5/30/2020,-41.4491726,-72.9594584,38,33,5,0,891440
88,Aysen,5/30/2020,-45.2066761,-72.6862988,0,0,0,0,107297
88,Magallanes,5/30/2020,-53.1480972,-70.9503614,7,5,2,0,178362
89,Arica y Parinacota,5/31/2020,-18.4781181,-70.3141952,31,25,6,0,252110
89,Tarapaca,5/31/2020,-20.2141288,-70.140672,111,86,25,3,382773
89,Antofagasta,5/31/2020,-22.4457586,-68.9203724,81,61,20,2,691854
89,Atacama,5/31/2020,-27.3842181,-70.3308447,3,3,0,0,314709
89,Coquimbo,5/31/2020,-29.9682462,-71.339197,31,23,8,0,836096
89,Valparaiso,5/31/2020,-33.0097842,-71.5517663,130,117,13,3,1960170
89,Metropolitana,5/31/2020,-33.3923636,-70.608036,4253,3964,289,47,8125072
89,Ohiggins,5/31/2020,-34.1547941,-70.7687629,29,27,2,2,991063
89,Maule,5/31/2020,-35.4270536,-71.6483745,41,30,11,0,1131939
89,Nuble,5/31/2020,-36.6096863,-72.1279976,1,1,0,0,511551
89,Biobio,5/31/2020,-36.8249391,-73.0401338,91,76,15,0,1663696
89,Araucania,5/31/2020,-38.7369966,-72.6018527,11,11,0,0,1014343
89,Los Rios,5/31/2020,-39.8185499,-73.2417066,11,7,4,0,405835
89,Los Lagos,5/31/2020,-41.4491726,-72.9594584,3,3,0,0,891440
89,Aysen,5/31/2020,-45.2066761,-72.6862988,1,1,0,0,107297
89,Magallanes,5/31/2020,-53.1480972,-70.9503614,2,2,0,0,178362
90,Arica y Parinacota,6/1/2020,-18.4781181,-70.3141952,17,13,4,1,252110
90,Tarapaca,6/1/2020,-20.2141288,-70.140672,165,152,13,1,382773
90,Antofagasta,6/1/2020,-22.4457586,-68.9203724,75,67,8,1,691854
90,Atacama,6/1/2020,-27.3842181,-70.3308447,14,8,6,0,314709
90,Coquimbo,6/1/2020,-29.9682462,-71.339197,40,33,7,0,836096
90,Valparaiso,6/1/2020,-33.0097842,-71.5517663,181,166,15,4,1960170
90,Metropolitana,6/1/2020,-33.3923636,-70.608036,4735,4436,299,49,8125072
90,Ohiggins,6/1/2020,-34.1547941,-70.7687629,28,23,5,0,991063
90,Maule,6/1/2020,-35.4270536,-71.6483745,44,37,7,2,1131939
90,Nuble,6/1/2020,-36.6096863,-72.1279976,33,32,1,0,511551
90,Biobio,6/1/2020,-36.8249391,-73.0401338,91,75,16,0,1663696
90,Araucania,6/1/2020,-38.7369966,-72.6018527,40,34,6,0,1014343
90,Los Rios,6/1/2020,-39.8185499,-73.2417066,7,5,2,1,405835
90,Los Lagos,6/1/2020,-41.4491726,-72.9594584,0,0,0,0,891440
90,Aysen,6/1/2020,-45.2066761,-72.6862988,0,0,0,0,107297
90,Magallanes,6/1/2020,-53.1480972,-70.9503614,1,1,0,0,178362
91,Arica y Parinacota,6/2/2020,-18.4781181,-70.3141952,18,18,0,0,252110
91,Tarapaca,6/2/2020,-20.2141288,-70.140672,68,60,8,1,382773
91,Antofagasta,6/2/2020,-22.4457586,-68.9203724,64,58,6,2,691854
91,Atacama,6/2/2020,-27.3842181,-70.3308447,4,3,1,0,314709
91,Coquimbo,6/2/2020,-29.9682462,-71.339197,19,17,2,0,836096
91,Valparaiso,6/2/2020,-33.0097842,-71.5517663,247,227,20,2,1960170
91,Metropolitana,6/2/2020,-33.3923636,-70.608036,2955,2698,257,70,8125072
91,Ohiggins,6/2/2020,-34.1547941,-70.7687629,30,24,6,0,991063
91,Maule,6/2/2020,-35.4270536,-71.6483745,40,36,4,0,1131939
91,Nuble,6/2/2020,-36.6096863,-72.1279976,0,0,0,0,511551
91,Biobio,6/2/2020,-36.8249391,-73.0401338,12,12,0,0,1663696
91,Araucania,6/2/2020,-38.7369966,-72.6018527,30,21,9,0,1014343
91,Los Rios,6/2/2020,-39.8185499,-73.2417066,5,5,0,0,405835
91,Los Lagos,6/2/2020,-41.4491726,-72.9594584,31,24,7,0,891440
91,Aysen,6/2/2020,-45.2066761,-72.6862988,1,0,1,0,107297
91,Magallanes,6/2/2020,-53.1480972,-70.9503614,3,3,0,0,178362
92,Arica y Parinacota,6/3/2020,-18.4781181,-70.3141952,47,43,4,0,252110
92,Tarapaca,6/3/2020,-20.2141288,-70.140672,88,76,12,5,382773
92,Antofagasta,6/3/2020,-22.4457586,-68.9203724,67,61,6,2,691854
92,Atacama,6/3/2020,-27.3842181,-70.3308447,6,6,0,0,314709
92,Coquimbo,6/3/2020,-29.9682462,-71.339197,31,29,2,2,836096
92,Valparaiso,6/3/2020,-33.0097842,-71.5517663,174,151,23,5,1960170
92,Metropolitana,6/3/2020,-33.3923636,-70.608036,3997,3707,290,67,8125072
92,Ohiggins,6/3/2020,-34.1547941,-70.7687629,88,85,3,2,991063
92,Maule,6/3/2020,-35.4270536,-71.6483745,214,181,33,2,1131939
92,Nuble,6/3/2020,-36.6096863,-72.1279976,39,30,9,1,511551
92,Biobio,6/3/2020,-36.8249391,-73.0401338,133,118,15,0,1663696
92,Araucania,6/3/2020,-38.7369966,-72.6018527,32,29,3,0,1014343
92,Los Rios,6/3/2020,-39.8185499,-73.2417066,4,4,0,1,405835
92,Los Lagos,6/3/2020,-41.4491726,-72.9594584,19,14,5,0,891440
92,Aysen,6/3/2020,-45.2066761,-72.6862988,0,0,0,0,107297
92,Magallanes,6/3/2020,-53.1480972,-70.9503614,3,3,0,0,178362
93,Arica y Parinacota,6/4/2020,-18.4781181,-70.3141952,35,31,4,0,252110
93,Tarapaca,6/4/2020,-20.2141288,-70.140672,128,108,20,0,382773
93,Antofagasta,6/4/2020,-22.4457586,-68.9203724,146,129,17,2,691854
93,Atacama,6/4/2020,-27.3842181,-70.3308447,16,15,1,0,314709
93,Coquimbo,6/4/2020,-29.9682462,-71.339197,54,44,10,0,836096
93,Valparaiso,6/4/2020,-33.0097842,-71.5517663,248,233,15,1,1960170
93,Metropolitana,6/4/2020,-33.3923636,-70.608036,3699,3327,372,73,8125072
93,Ohiggins,6/4/2020,-34.1547941,-70.7687629,36,32,4,1,991063
93,Maule,6/4/2020,-35.4270536,-71.6483745,137,117,20,2,1131939
93,Nuble,6/4/2020,-36.6096863,-72.1279976,43,36,7,0,511551
93,Biobio,6/4/2020,-36.8249391,-73.0401338,86,68,18,2,1663696
93,Araucania,6/4/2020,-38.7369966,-72.6018527,9,6,3,0,1014343
93,Los Rios,6/4/2020,-39.8185499,-73.2417066,7,6,1,0,405835
93,Los Lagos,6/4/2020,-41.4491726,-72.9594584,13,13,0,0,891440
93,Aysen,6/4/2020,-45.2066761,-72.6862988,1,1,0,0,107297
93,Magallanes,6/4/2020,-53.1480972,-70.9503614,6,6,0,0,178362
94,Arica y Parinacota,6/5/2020,-18.4781181,-70.3141952,46,40,6,1,252110
94,Tarapaca,6/5/2020,-20.2141288,-70.140672,155,139,16,0,382773
94,Antofagasta,6/5/2020,-22.4457586,-68.9203724,62,53,9,4,691854
94,Atacama,6/5/2020,-27.3842181,-70.3308447,11,8,3,0,314709
94,Coquimbo,6/5/2020,-29.9682462,-71.339197,60,37,23,1,836096
94,Valparaiso,6/5/2020,-33.0097842,-71.5517663,249,233,16,10,1960170
94,Metropolitana,6/5/2020,-33.3923636,-70.608036,3176,2888,288,71,8125072
94,Ohiggins,6/5/2020,-34.1547941,-70.7687629,49,45,4,1,991063
94,Maule,6/5/2020,-35.4270536,-71.6483745,102,96,6,3,1131939
94,Nuble,6/5/2020,-36.6096863,-72.1279976,57,52,5,0,511551
94,Biobio,6/5/2020,-36.8249391,-73.0401338,78,67,11,0,1663696
94,Araucania,6/5/2020,-38.7369966,-72.6018527,106,89,17,1,1014343
94,Los Rios,6/5/2020,-39.8185499,-73.2417066,11,7,4,0,405835
94,Los Lagos,6/5/2020,-41.4491726,-72.9594584,42,35,7,0,891440
94,Aysen,6/5/2020,-45.2066761,-72.6862988,0,0,0,0,107297
94,Magallanes,6/5/2020,-53.1480972,-70.9503614,3,1,2,0,178362
95,Arica y Parinacota,6/6/2020,-18.4781181,-70.3141952,37,33,4,0,252110
95,Tarapaca,6/6/2020,-20.2141288,-70.140672,129,104,25,2,382773
95,Antofagasta,6/6/2020,-22.4457586,-68.9203724,109,105,4,5,691854
95,Atacama,6/6/2020,-27.3842181,-70.3308447,12,11,1,0,314709
95,Coquimbo,6/6/2020,-29.9682462,-71.339197,66,53,13,0,836096
95,Valparaiso,6/6/2020,-33.0097842,-71.5517663,314,295,19,3,1960170
95,Metropolitana,6/6/2020,-33.3923636,-70.608036,4128,3945,183,79,8125072
95,Ohiggins,6/6/2020,-34.1547941,-70.7687629,95,85,10,3,991063
95,Maule,6/6/2020,-35.4270536,-71.6483745,135,87,48,0,1131939
95,Nuble,6/6/2020,-36.6096863,-72.1279976,41,34,7,0,511551
95,Biobio,6/6/2020,-36.8249391,-73.0401338,111,83,28,0,1663696
95,Araucania,6/6/2020,-38.7369966,-72.6018527,33,26,7,1,1014343
95,Los Rios,6/6/2020,-39.8185499,-73.2417066,10,3,7,0,405835
95,Los Lagos,6/6/2020,-41.4491726,-72.9594584,17,15,2,0,891440
95,Aysen,6/6/2020,-45.2066761,-72.6862988,0,0,0,0,107297
95,Magallanes,6/6/2020,-53.1480972,-70.9503614,9,9,0,0,178362
96,Arica y Parinacota,6/7/2020,-18.4781181,-70.3141952,31,31,0,-1,252110
96,Tarapaca,6/7/2020,-20.2141288,-70.140672,156,119,37,5,382773
96,Antofagasta,6/7/2020,-22.4457586,-68.9203724,121,106,15,-3,691854
96,Atacama,6/7/2020,-27.3842181,-70.3308447,25,12,13,0,314709
96,Coquimbo,6/7/2020,-29.9682462,-71.339197,92,84,8,-1,836096
96,Valparaiso,6/7/2020,-33.0097842,-71.5517663,282,255,27,-8,1960170
96,Metropolitana,6/7/2020,-33.3923636,-70.608036,5268,4797,471,700,8125072
96,Ohiggins,6/7/2020,-34.1547941,-70.7687629,72,56,16,-5,991063
96,Maule,6/7/2020,-35.4270536,-71.6483745,140,116,24,-6,1131939
96,Nuble,6/7/2020,-36.6096863,-72.1279976,20,19,1,-6,511551
96,Biobio,6/7/2020,-36.8249391,-73.0401338,105,87,18,-2,1663696
96,Araucania,6/7/2020,-38.7369966,-72.6018527,56,47,9,-18,1014343
96,Los Rios,6/7/2020,-39.8185499,-73.2417066,17,15,2,0,405835
96,Los Lagos,6/7/2020,-41.4491726,-72.9594584,18,14,4,-1,891440
96,Aysen,6/7/2020,-45.2066761,-72.6862988,1,1,0,0,107297
96,Magallanes,6/7/2020,-53.1480972,-70.9503614,1,1,0,-5,178362
